owner,repo_name,full_name,url,stars_count,releases_count,repo_age_years
Snailclimb,JavaGuide,Snailclimb/JavaGuide,https://github.com/Snailclimb/JavaGuide,151832,0,7.38
krahets,hello-algo,krahets/hello-algo,https://github.com/krahets/hello-algo,117068,9,2.88
GrowingGit,GitHub-Chinese-Top-Charts,GrowingGit/GitHub-Chinese-Top-Charts,https://github.com/GrowingGit/GitHub-Chinese-Top-Charts,102438,0,6.05
iluwatar,java-design-patterns,iluwatar/java-design-patterns,https://github.com/iluwatar/java-design-patterns,92717,0,11.12
macrozheng,mall,macrozheng/mall,https://github.com/macrozheng/mall,81629,3,7.47
spring-projects,spring-boot,spring-projects/spring-boot,https://github.com/spring-projects/spring-boot,78454,323,12.92
doocs,advanced-java,doocs/advanced-java,https://github.com/doocs/advanced-java,78271,1,6.96
MisterBooo,LeetCodeAnimation,MisterBooo/LeetCodeAnimation,https://github.com/MisterBooo/LeetCodeAnimation,76460,0,6.79
elastic,elasticsearch,elastic/elasticsearch,https://github.com/elastic/elasticsearch,73847,210,15.62
Stirling-Tools,Stirling-PDF,Stirling-Tools/Stirling-PDF,https://github.com/Stirling-Tools/Stirling-PDF,67646,138,2.65
kdn251,interviews,kdn251/interviews,https://github.com/kdn251/interviews,64475,0,8.6
TheAlgorithms,Java,TheAlgorithms/Java,https://github.com/TheAlgorithms/Java,63470,0,9.18
NationalSecurityAgency,ghidra,NationalSecurityAgency/ghidra,https://github.com/NationalSecurityAgency/ghidra,60686,46,6.56
spring-projects,spring-framework,spring-projects/spring-framework,https://github.com/spring-projects/spring-framework,58872,343,14.79
google,guava,google/guava,https://github.com/google/guava,51128,57,11.32
ReactiveX,RxJava,ReactiveX/RxJava,https://github.com/ReactiveX/RxJava,48346,241,12.7
skylot,jadx,skylot/jadx,https://github.com/skylot/jadx,45553,32,12.51
dbeaver,dbeaver,dbeaver/dbeaver,https://github.com/dbeaver/dbeaver,45475,232,9.92
termux,termux-app,termux/termux-app,https://github.com/termux/termux-app,45252,95,9.91
jeecgboot,JeecgBoot,jeecgboot/JeecgBoot,https://github.com/jeecgboot/JeecgBoot,43928,63,6.82
apache,dubbo,apache/dubbo,https://github.com/apache/dubbo,41388,111,13.26
PhilJay,MPAndroidChart,PhilJay/MPAndroidChart,https://github.com/PhilJay/MPAndroidChart,38106,44,11.41
eugenp,tutorials,eugenp/tutorials,https://github.com/eugenp/tutorials,37262,0,12.4
halo-dev,halo,halo-dev/halo,https://github.com/halo-dev/halo,36952,227,7.5
alibaba,arthas,alibaba/arthas,https://github.com/alibaba/arthas,36735,59,7.06
geekxh,hello-algorithm,geekxh/hello-algorithm,https://github.com/geekxh/hello-algorithm,35781,0,5.31
airbnb,lottie-android,airbnb/lottie-android,https://github.com/airbnb/lottie-android,35481,60,8.96
TeamNewPipe,NewPipe,TeamNewPipe/NewPipe,https://github.com/TeamNewPipe/NewPipe,35132,137,10.05
doocs,leetcode,doocs/leetcode,https://github.com/doocs/leetcode,34963,21,7.01
bumptech,glide,bumptech/glide,https://github.com/bumptech/glide,34953,54,12.21
netty,netty,netty/netty,https://github.com/netty/netty,34446,0,14.87
xkcoding,spring-boot-demo,xkcoding/spring-boot-demo,https://github.com/xkcoding/spring-boot-demo,33914,0,7.86
Blankj,AndroidUtilCode,Blankj/AndroidUtilCode,https://github.com/Blankj/AndroidUtilCode,33646,117,9.14
alibaba,easyexcel,alibaba/easyexcel,https://github.com/alibaba/easyexcel,33636,14,7.62
zxing,zxing,zxing/zxing,https://github.com/zxing/zxing,33596,31,13.94
YunaiV,ruoyi-vue-pro,YunaiV/ruoyi-vue-pro,https://github.com/YunaiV/ruoyi-vue-pro,33315,46,4.66
SeleniumHQ,selenium,SeleniumHQ/selenium,https://github.com/SeleniumHQ/selenium,33260,108,12.68
alibaba,nacos,alibaba/nacos,https://github.com/alibaba/nacos,32068,85,7.27
binarywang,WxJava,binarywang/WxJava,https://github.com/binarywang/WxJava,31936,30,9.71
apache,kafka,apache/kafka,https://github.com/apache/kafka,30948,0,14.1
ityouknow,spring-boot-examples,ityouknow/spring-boot-examples,https://github.com/ityouknow/spring-boot-examples,30611,0,8.88
chinabugotech,hutool,chinabugotech/hutool,https://github.com/chinabugotech/hutool,30085,153,11.44
conductor-oss,conductor,conductor-oss/conductor,https://github.com/conductor-oss/conductor,29841,26,1.79
keycloak,keycloak,keycloak/keycloak,https://github.com/keycloak/keycloak,29686,88,12.22
apolloconfig,apollo,apolloconfig/apollo,https://github.com/apolloconfig/apollo,29660,41,9.55
alibaba,canal,alibaba/canal,https://github.com/alibaba/canal,29382,32,12.69
xuxueli,xxl-job,xuxueli/xxl-job,https://github.com/xuxueli/xxl-job,29339,39,9.82
wuyouzhuguli,SpringAll,wuyouzhuguli/SpringAll,https://github.com/wuyouzhuguli/SpringAll,28958,0,7.39
alibaba,spring-cloud-alibaba,alibaba/spring-cloud-alibaba,https://github.com/alibaba/spring-cloud-alibaba,28769,48,7.81
alibaba,druid,alibaba/druid,https://github.com/alibaba/druid,28192,51,13.88
lenve,vhr,lenve/vhr,https://github.com/lenve/vhr,27950,0,7.71
DrKLO,Telegram,DrKLO/Telegram,https://github.com/DrKLO/Telegram,27551,95,11.91
crossoverJie,JCSprout,crossoverJie/JCSprout,https://github.com/crossoverJie/JCSprout,27066,0,7.76
qiurunze123,miaosha,qiurunze123/miaosha,https://github.com/qiurunze123/miaosha,26513,0,7.02
ashishps1,awesome-system-design-resources,ashishps1/awesome-system-design-resources,https://github.com/ashishps1/awesome-system-design-resources,26102,0,1.91
apache,incubator-seata,apache/incubator-seata,https://github.com/apache/incubator-seata,25820,44,6.73
alibaba,fastjson,alibaba/fastjson,https://github.com/alibaba/fastjson,25749,84,13.88
JakeWharton,butterknife,JakeWharton/butterknife,https://github.com/JakeWharton/butterknife,25479,0,12.55
hollischuang,toBeTopJavaer,hollischuang/toBeTopJavaer,https://github.com/hollischuang/toBeTopJavaer,25470,0,6.91
apache,flink,apache/flink,https://github.com/apache/flink,25284,0,11.29
scwang90,SmartRefreshLayout,scwang90/SmartRefreshLayout,https://github.com/scwang90/SmartRefreshLayout,25154,14,8.3
OpenAPITools,openapi-generator,OpenAPITools/openapi-generator,https://github.com/OpenAPITools/openapi-generator,24874,73,7.36
proxyee-down-org,proxyee-down,proxyee-down-org/proxyee-down,https://github.com/proxyee-down-org/proxyee-down,24864,49,7.91
Anuken,Mindustry,Anuken/Mindustry,https://github.com/Anuken/Mindustry,24850,168,8.4
greenrobot,EventBus,greenrobot/EventBus,https://github.com/greenrobot/EventBus,24765,7,13.18
bazelbuild,bazel,bazelbuild/bazel,https://github.com/bazelbuild/bazel,24582,212,11.28
yuliskov,SmartTube,yuliskov/SmartTube,https://github.com/yuliskov/SmartTube,24560,919,5.15
apache,skywalking,apache/skywalking,https://github.com/apache/skywalking,24528,62,9.88
jenkinsci,jenkins,jenkinsci/jenkins,https://github.com/jenkinsci/jenkins,24454,445,14.83
Netflix,Hystrix,Netflix/Hystrix,https://github.com/Netflix/Hystrix,24401,79,12.84
libgdx,libgdx,libgdx/libgdx,https://github.com/libgdx/libgdx,24360,14,13.11
CodePhiliaX,Chat2DB,CodePhiliaX/Chat2DB,https://github.com/CodePhiliaX/Chat2DB,24280,43,2.26
google,gson,google/gson,https://github.com/google/gson,24064,12,10.51
redisson,redisson,redisson/redisson,https://github.com/redisson/redisson,24042,173,11.69
doocs,source-code-hunter,doocs/source-code-hunter,https://github.com/doocs/source-code-hunter,22968,0,5.9
iBotPeaches,Apktool,iBotPeaches/Apktool,https://github.com/iBotPeaches/Apktool,22938,27,13.51
alibaba,Sentinel,alibaba/Sentinel,https://github.com/alibaba/Sentinel,22911,25,7.47
EnterpriseQualityCoding,FizzBuzzEnterpriseEdition,EnterpriseQualityCoding/FizzBuzzEnterpriseEdition,https://github.com/EnterpriseQualityCoding/FizzBuzzEnterpriseEdition,22790,0,12.83
apache,rocketmq,apache/rocketmq,https://github.com/apache/rocketmq,22106,22,8.81
dataease,dataease,dataease/dataease,https://github.com/dataease/dataease,21922,98,4.64
google,ExoPlayer,google/ExoPlayer,https://github.com/google/ExoPlayer,21876,28,11.27
elunez,eladmin,elunez/eladmin,https://github.com/elunez/eladmin,21789,1,6.77
openjdk,jdk,openjdk/jdk,https://github.com/openjdk/jdk,21751,0,7.01
LSPosed,LSPosed,LSPosed/LSPosed,https://github.com/LSPosed/LSPosed,21607,39,4.77
kestra-io,kestra,kestra-io/kestra,https://github.com/kestra-io/kestra,21216,311,6.08
CarGuo,GSYVideoPlayer,CarGuo/GSYVideoPlayer,https://github.com/CarGuo/GSYVideoPlayer,21119,53,8.85
oracle,graal,oracle/graal,https://github.com/oracle/graal,21104,32,9.69
brettwooldridge,HikariCP,brettwooldridge/HikariCP,https://github.com/brettwooldridge/HikariCP,20723,0,11.95
kunal-kushwaha,DSA-Bootcamp-Java,kunal-kushwaha/DSA-Bootcamp-Java,https://github.com/kunal-kushwaha/DSA-Bootcamp-Java,20717,0,4.15
apache,shardingsphere,apache/shardingsphere,https://github.com/apache/shardingsphere,20462,58,9.68
didi,DoKit,didi/DoKit,https://github.com/didi/DoKit,20388,14,7.1
mybatis,mybatis-3,mybatis/mybatis-3,https://github.com/mybatis/mybatis-3,20233,46,12.6
ReactiveX,RxAndroid,ReactiveX/RxAndroid,https://github.com/ReactiveX/RxAndroid,20094,20,11.09
linlinjava,litemall,linlinjava/litemall,https://github.com/linlinjava/litemall,19930,8,7.5
yudaocode,SpringBoot-Labs,yudaocode/SpringBoot-Labs,https://github.com/yudaocode/SpringBoot-Labs,19871,0,7.03
xiaojieonly,Ehviewer_CN_SXJ,xiaojieonly/Ehviewer_CN_SXJ,https://github.com/xiaojieonly/Ehviewer_CN_SXJ,19778,107,4.87
thingsboard,thingsboard,thingsboard/thingsboard,https://github.com/thingsboard/thingsboard,19736,70,8.8
dianping,cat,dianping/cat,https://github.com/dianping/cat,18940,3,12.8
JetBrains,intellij-community,JetBrains/intellij-community,https://github.com/JetBrains/intellij-community,18897,5,13.98
Baseflow,PhotoView,Baseflow/PhotoView,https://github.com/Baseflow/PhotoView,18871,5,13.18
antlr,antlr4,antlr/antlr4,https://github.com/antlr/antlr4,18364,31,15.63
williamfiset,Algorithms,williamfiset/Algorithms,https://github.com/williamfiset/Algorithms,18226,0,8.51
Tencent,APIJSON,Tencent/APIJSON,https://github.com/Tencent/APIJSON,18200,110,8.83
lionsoul2014,ip2region,lionsoul2014/ip2region,https://github.com/lionsoul2014/ip2region,18181,5,9.89
dromara,Sa-Token,dromara/Sa-Token,https://github.com/dromara/Sa-Token,18171,38,5.63
ashishps1,awesome-low-level-design,ashishps1/awesome-low-level-design,https://github.com/ashishps1/awesome-low-level-design,18095,0,1.85
LMAX-Exchange,disruptor,LMAX-Exchange/disruptor,https://github.com/LMAX-Exchange/disruptor,17992,14,13.0
forezp,SpringCloudLearning,forezp/SpringCloudLearning,https://github.com/forezp/SpringCloudLearning,17974,0,8.45
YunaiV,yudao-cloud,YunaiV/yudao-cloud,https://github.com/YunaiV/yudao-cloud,17872,32,6.39
Tencent,tinker,Tencent/tinker,https://github.com/Tencent/tinker,17572,60,9.04
openzipkin,zipkin,openzipkin/zipkin,https://github.com/openzipkin/zipkin,17311,97,13.29
infinilabs,analysis-ik,infinilabs/analysis-ik,https://github.com/infinilabs/analysis-ik,17217,1,13.77
justauth,JustAuth,justauth/JustAuth,https://github.com/justauth/JustAuth,17194,46,6.64
facebook,fresco,facebook/fresco,https://github.com/facebook/fresco,17138,55,10.56
baomidou,mybatis-plus,baomidou/mybatis-plus,https://github.com/baomidou/mybatis-plus,17108,38,9.09
ben-manes,caffeine,ben-manes/caffeine,https://github.com/ben-manes/caffeine,17053,71,10.77
material-components,material-components-android,material-components/material-components-android,https://github.com/material-components/material-components-android,16958,112,8.79
nostra13,Android-Universal-Image-Loader,nostra13/Android-Universal-Image-Loader,https://github.com/nostra13/Android-Universal-Image-Loader,16942,0,13.82
alibaba,DataX,alibaba/DataX,https://github.com/alibaba/DataX,16822,7,7.67
winterbe,java8-tutorial,winterbe/java8-tutorial,https://github.com/winterbe/java8-tutorial,16778,0,11.52
shuzheng,zheng,shuzheng/zheng,https://github.com/shuzheng/zheng,16729,0,8.96
Grasscutters,Grasscutter,Grasscutters/Grasscutter,https://github.com/Grasscutters/Grasscutter,16668,20,3.43
heibaiying,BigData-Notes,heibaiying/BigData-Notes,https://github.com/heibaiying/BigData-Notes,16662,0,6.54
JeffLi1993,springboot-learning-example,JeffLi1993/springboot-learning-example,https://github.com/JeffLi1993/springboot-learning-example,16559,0,8.62
gyoogle,tech-interview-for-developer,gyoogle/tech-interview-for-developer,https://github.com/gyoogle/tech-interview-for-developer,16557,0,6.29
prestodb,presto,prestodb/presto,https://github.com/prestodb/presto,16509,12,13.12
questdb,questdb,questdb/questdb,https://github.com/questdb/questdb,16145,93,11.4
android-hacker,VirtualXposed,android-hacker/VirtualXposed,https://github.com/android-hacker/VirtualXposed,15828,50,7.81
dyc87112,SpringBoot-Learning,dyc87112/SpringBoot-Learning,https://github.com/dyc87112/SpringBoot-Learning,15790,0,9.09
android10,Android-CleanArchitecture,android10/Android-CleanArchitecture,https://github.com/android10/Android-CleanArchitecture,15565,0,11.09
mockito,mockito,mockito/mockito,https://github.com/mockito/mockito,15282,223,12.94
apache,hadoop,apache/hadoop,https://github.com/apache/hadoop,15274,0,11.07
Konloch,bytecode-viewer,Konloch/bytecode-viewer,https://github.com/Konloch/bytecode-viewer,15218,61,10.94
neo4j,neo4j,neo4j/neo4j,https://github.com/neo4j/neo4j,15097,72,12.86
quarkusio,quarkus,quarkusio/quarkus,https://github.com/quarkusio/quarkus,14984,416,7.21
zhisheng17,flink-learning,zhisheng17/flink-learning,https://github.com/zhisheng17/flink-learning,14932,0,6.72
apache,pulsar,apache/pulsar,https://github.com/apache/pulsar,14868,112,9.23
java-decompiler,jd-gui,java-decompiler/jd-gui,https://github.com/java-decompiler/jd-gui,14749,18,10.49
elastic,logstash,elastic/logstash,https://github.com/elastic/logstash,14637,210,14.84
eclipse-vertx,vert.x,eclipse-vertx/vert.x,https://github.com/eclipse-vertx/vert.x,14569,0,14.26
supertokens,supertokens-core,supertokens/supertokens-core,https://github.com/supertokens/supertokens-core,14536,91,5.71
hdodenhof,CircleImageView,hdodenhof/CircleImageView,https://github.com/hdodenhof/CircleImageView,14530,0,11.68
Tencent,QMUI_Android,Tencent/QMUI_Android,https://github.com/Tencent/QMUI_Android,14517,35,8.42
alibaba,ARouter,alibaba/ARouter,https://github.com/alibaba/ARouter,14493,16,8.77
arduino,Arduino,arduino/Arduino,https://github.com/arduino/Arduino,14429,37,15.01
theonedev,onedev,theonedev/onedev,https://github.com/theonedev/onedev,14347,432,6.88
apache,doris,apache/doris,https://github.com/apache/doris,14301,74,8.11
zaproxy,zaproxy,zaproxy/zaproxy,https://github.com/zaproxy/zaproxy,14133,17,10.3
deeplearning4j,deeplearning4j,deeplearning4j/deeplearning4j,https://github.com/deeplearning4j/deeplearning4j,14109,0,11.82
GoogleContainerTools,jib,GoogleContainerTools/jib,https://github.com/GoogleContainerTools/jib,14024,168,7.66
Netflix,zuul,Netflix/zuul,https://github.com/Netflix/zuul,13895,29,12.53
orhanobut,logger,orhanobut/logger,https://github.com/orhanobut/logger,13888,16,10.51
apache,dolphinscheduler,apache/dolphinscheduler,https://github.com/apache/dolphinscheduler,13844,53,6.56
apache,druid,apache/druid,https://github.com/apache/druid,13829,68,12.91
DuGuQiuBai,Java,DuGuQiuBai/Java,https://github.com/DuGuQiuBai/Java,13732,0,9.82
seaswalker,spring-analysis,seaswalker/spring-analysis,https://github.com/seaswalker/spring-analysis,13728,0,9.03
pinpoint-apm,pinpoint,pinpoint-apm/pinpoint,https://github.com/pinpoint-apm/pinpoint,13718,61,10.92
sqshq,piggymetrics,sqshq/piggymetrics,https://github.com/sqshq/piggymetrics,13712,2,10.48
JessYanCoding,AndroidAutoSize,JessYanCoding/AndroidAutoSize,https://github.com/JessYanCoding/AndroidAutoSize,13693,14,7.1
Curzibn,Luban,Curzibn/Luban,https://github.com/Curzibn/Luban,13678,6,9.16
lgvalle,Material-Animations,lgvalle/Material-Animations,https://github.com/lgvalle/Material-Animations,13671,0,10.54
cryptomator,cryptomator,cryptomator/cryptomator,https://github.com/cryptomator/cryptomator,13658,193,11.64
janishar,mit-deep-learning-book-pdf,janishar/mit-deep-learning-book-pdf,https://github.com/janishar/mit-deep-learning-book-pdf,13602,3,8.46
languagetool-org,languagetool,languagetool-org/languagetool,https://github.com/languagetool-org/languagetool,13585,0,12.12
tink-crypto,tink,tink-crypto/tink,https://github.com/tink-crypto/tink,13553,21,11.29
LuckSiege,PictureSelector,LuckSiege/PictureSelector,https://github.com/LuckSiege/PictureSelector,13543,116,8.71
Bigkoo,Android-PickerView,Bigkoo/Android-PickerView,https://github.com/Bigkoo/Android-PickerView,13482,0,10.74
kekingcn,kkFileView,kekingcn/kkFileView,https://github.com/kekingcn/kkFileView,13329,16,7.78
projectlombok,lombok,projectlombok/lombok,https://github.com/projectlombok/lombok,13280,0,16.29
ashishps1,awesome-leetcode-resources,ashishps1/awesome-leetcode-resources,https://github.com/ashishps1/awesome-leetcode-resources,13277,0,1.91
macrozheng,mall-learning,macrozheng/mall-learning,https://github.com/macrozheng/mall-learning,13262,0,6.44
youth5201314,banner,youth5201314/banner,https://github.com/youth5201314/banner,13034,0,9.42
pxb1988,dex2jar,pxb1988/dex2jar,https://github.com/pxb1988/dex2jar,12910,8,10.52
Netflix,conductor,Netflix/conductor,https://github.com/Netflix/conductor,12781,319,8.79
facebook,stetho,facebook/stetho,https://github.com/facebook/stetho,12710,13,10.66
codecentric,spring-boot-admin,codecentric/spring-boot-admin,https://github.com/codecentric/spring-boot-admin,12689,139,11.16
google,guice,google/guice,https://github.com/google/guice,12677,19,11.32
alibaba,COLA,alibaba/COLA,https://github.com/alibaba/COLA,12662,11,7.62
greenrobot,greenDAO,greenrobot/greenDAO,https://github.com/greenrobot/greenDAO,12627,8,13.92
Netflix,eureka,Netflix/eureka,https://github.com/Netflix/eureka,12626,151,13.16
macrozheng,mall-swarm,macrozheng/mall-swarm,https://github.com/macrozheng/mall-swarm,12620,3,5.82
apache,zookeeper,apache/zookeeper,https://github.com/apache/zookeeper,12604,0,16.49
zhihu,Matisse,zhihu/Matisse,https://github.com/zhihu/Matisse,12567,15,8.44
metersphere,metersphere,metersphere/metersphere,https://github.com/metersphere/metersphere,12489,179,5.63
daimajia,AndroidViewAnimations,daimajia/AndroidViewAnimations,https://github.com/daimajia/AndroidViewAnimations,12470,9,11.25
daimajia,AndroidSwipeLayout,daimajia/AndroidSwipeLayout,https://github.com/daimajia/AndroidSwipeLayout,12407,18,11.08
pagehelper,Mybatis-PageHelper,pagehelper/Mybatis-PageHelper,https://github.com/pagehelper/Mybatis-PageHelper,12340,15,11.29
redis,jedis,redis/jedis,https://github.com/redis/jedis,12161,114,15.28
plantuml,plantuml,plantuml/plantuml,https://github.com/plantuml/plantuml,12092,60,14.88
amitshekhariitbhu,android-interview-questions,amitshekhariitbhu/android-interview-questions,https://github.com/amitshekhariitbhu/android-interview-questions,12088,0,8.2
Yalantis,uCrop,Yalantis/uCrop,https://github.com/Yalantis/uCrop,12044,20,9.71
Tencent,matrix,Tencent/matrix,https://github.com/Tencent/matrix,11906,16,6.78
trinodb,trino,trinodb/trino,https://github.com/trinodb/trino,11901,0,6.67
Tencent,VasSonic,Tencent/VasSonic,https://github.com/Tencent/VasSonic,11871,10,8.14
Team-xManager,xManager,Team-xManager/xManager,https://github.com/Team-xManager/xManager,11866,51,4.62
debezium,debezium,debezium/debezium,https://github.com/debezium/debezium,11861,0,9.66
grpc,grpc-java,grpc/grpc-java,https://github.com/grpc/grpc-java,11843,180,10.79
frank-lam,fullstack-tutorial,frank-lam/fullstack-tutorial,https://github.com/frank-lam/fullstack-tutorial,11682,0,7.44
xpipe-io,xpipe,xpipe-io/xpipe,https://github.com/xpipe-io/xpipe,11654,122,2.65
code4craft,webmagic,code4craft/webmagic,https://github.com/code4craft/webmagic,11628,33,12.41
opensearch-project,OpenSearch,opensearch-project/OpenSearch,https://github.com/opensearch-project/OpenSearch,11587,59,4.64
OpenRefine,OpenRefine,OpenRefine/OpenRefine,https://github.com/OpenRefine/OpenRefine,11523,72,12.94
realm,realm-java,realm/realm-java,https://github.com/realm/realm-java,11484,0,13.42
careercup,CtCI-6th-Edition,careercup/CtCI-6th-Edition,https://github.com/careercup/CtCI-6th-Edition,11463,0,10.22
gyf-dev,ImmersionBar,gyf-dev/ImmersionBar,https://github.com/gyf-dev/ImmersionBar,11449,0,8.42
PaperMC,Paper,PaperMC/Paper,https://github.com/PaperMC/Paper,11428,0,9.66
newbee-ltd,newbee-mall,newbee-ltd/newbee-mall,https://github.com/newbee-ltd/newbee-mall,11395,0,6.0
provectus,kafka-ui,provectus/kafka-ui,https://github.com/provectus/kafka-ui,11355,25,5.82
jhy,jsoup,jhy/jsoup,https://github.com/jhy/jsoup,11244,20,15.76
permissions-dispatcher,PermissionsDispatcher,permissions-dispatcher/PermissionsDispatcher,https://github.com/permissions-dispatcher/PermissionsDispatcher,11229,40,10.1
mission-peace,interview,mission-peace/interview,https://github.com/mission-peace/interview,11214,0,11.17
apereo,cas,apereo/cas,https://github.com/apereo/cas,11198,303,14.04
LawnchairLauncher,lawnchair,LawnchairLauncher/lawnchair,https://github.com/LawnchairLauncher/lawnchair,11163,30,8.55
beemdevelopment,Aegis,beemdevelopment/Aegis,https://github.com/beemdevelopment/Aegis,11147,72,9.1
H07000223,FlycoTabLayout,H07000223/FlycoTabLayout,https://github.com/H07000223/FlycoTabLayout,11122,4,9.87
daniulive,SmarterStreaming,daniulive/SmarterStreaming,https://github.com/daniulive/SmarterStreaming,11114,0,9.49
lingochamp,FileDownloader,lingochamp/FileDownloader,https://github.com/lingochamp/FileDownloader,11113,65,9.75
datahub-project,datahub,datahub-project/datahub,https://github.com/datahub-project/datahub,11059,104,9.84
jfeinstein10,SlidingMenu,jfeinstein10/SlidingMenu,https://github.com/jfeinstein10/SlidingMenu,11045,0,13.23
androidannotations,androidannotations,androidannotations/androidannotations,https://github.com/androidannotations/androidannotations,11035,0,13.71
doocs,jvm,doocs/jvm,https://github.com/doocs/jvm,10974,0,7.25
microg,GmsCore,microg/GmsCore,https://github.com/microg/GmsCore,10973,41,11.41
ssssssss-team,spider-flow,ssssssss-team/spider-flow,https://github.com/ssssssss-team/spider-flow,10944,2,5.49
square,javapoet,square/javapoet,https://github.com/square/javapoet,10873,0,12.64
apple,pkl,apple/pkl,https://github.com/apple/pkl,10858,16,1.67
jwtk,jjwt,jwtk/jjwt,https://github.com/jwtk/jjwt,10852,9,11.03
alibaba,vlayout,alibaba/vlayout,https://github.com/alibaba/vlayout,10774,34,8.56
aosp-mirror,platform_frameworks_base,aosp-mirror/platform_frameworks_base,https://github.com/aosp-mirror/platform_frameworks_base,10768,0,16.92
asLody,VirtualApp,asLody/VirtualApp,https://github.com/asLody/VirtualApp,10756,0,9.21
TooTallNate,Java-WebSocket,TooTallNate/Java-WebSocket,https://github.com/TooTallNate/Java-WebSocket,10738,19,15.67
clojure,clojure,clojure/clojure,https://github.com/clojure/clojure,10717,0,15.23
StarRocks,starrocks,StarRocks/starrocks,https://github.com/StarRocks/starrocks,10686,155,4.05
android-async-http,android-async-http,android-async-http/android-async-http,https://github.com/android-async-http/android-async-http,10630,3,14.59
jeasonlzy,okhttp-OkGo,jeasonlzy/okhttp-OkGo,https://github.com/jeasonlzy/okhttp-OkGo,10601,14,9.68
google,auto,google/auto,https://github.com/google/auto,10524,66,12.33
lipangit,JiaoZiVideoPlayer,lipangit/JiaoZiVideoPlayer,https://github.com/lipangit/JiaoZiVideoPlayer,10492,78,9.62
tbruyelle,RxPermissions,tbruyelle/RxPermissions,https://github.com/tbruyelle/RxPermissions,10481,11,9.98
Activiti,Activiti,Activiti/Activiti,https://github.com/Activiti/Activiti,10429,1000,13.02
zfile-dev,zfile,zfile-dev/zfile,https://github.com/zfile-dev/zfile,10401,67,6.09
resilience4j,resilience4j,resilience4j/resilience4j,https://github.com/resilience4j/resilience4j,10369,35,10.3
JessYanCoding,MVPArms,JessYanCoding/MVPArms,https://github.com/JessYanCoding/MVPArms,10286,25,9.13
awsdocs,aws-doc-sdk-examples,awsdocs/aws-doc-sdk-examples,https://github.com/awsdocs/aws-doc-sdk-examples,10211,0,9.09
JakeWharton,ViewPagerIndicator,JakeWharton/ViewPagerIndicator,https://github.com/JakeWharton/ViewPagerIndicator,10104,0,14.13
signalapp,Signal-Server,signalapp/Signal-Server,https://github.com/signalapp/Signal-Server,10081,0,11.78
stanfordnlp,CoreNLP,stanfordnlp/CoreNLP,https://github.com/stanfordnlp/CoreNLP,9968,19,12.24
wasabeef,glide-transformations,wasabeef/glide-transformations,https://github.com/wasabeef/glide-transformations,9927,0,10.7
googlesamples,easypermissions,googlesamples/easypermissions,https://github.com/googlesamples/easypermissions,9913,12,9.75
paascloud,paascloud-master,paascloud/paascloud-master,https://github.com/paascloud/paascloud-master,9899,0,7.52
SonarSource,sonarqube,SonarSource/sonarqube,https://github.com/SonarSource/sonarqube,9890,65,14.71
uknownothingsnow,JsBridge,uknownothingsnow/JsBridge,https://github.com/uknownothingsnow/JsBridge,9889,0,10.57
hackware1993,MagicIndicator,hackware1993/MagicIndicator,https://github.com/hackware1993/MagicIndicator,9803,12,9.24
HarlonWang,AVLoadingIndicatorView,HarlonWang/AVLoadingIndicatorView,https://github.com/HarlonWang/AVLoadingIndicatorView,9771,1,9.91
OpenFeign,feign,OpenFeign/feign,https://github.com/OpenFeign/feign,9740,39,12.24
YoKeyword,Fragmentation,YoKeyword/Fragmentation,https://github.com/YoKeyword/Fragmentation,9725,30,9.58
xuchengsheng,spring-reading,xuchengsheng/spring-reading,https://github.com/xuchengsheng/spring-reading,9714,0,2.02
lihengming,spring-boot-api-project-seed,lihengming/spring-boot-api-project-seed,https://github.com/lihengming/spring-boot-api-project-seed,9687,4,8.25
perwendel,spark,perwendel/spark,https://github.com/perwendel/spark,9660,0,14.38
ksoichiro,Android-ObservableScrollView,ksoichiro/Android-ObservableScrollView,https://github.com/ksoichiro/Android-ObservableScrollView,9649,0,10.87
react-native-camera,react-native-camera,react-native-camera/react-native-camera,https://github.com/react-native-camera/react-native-camera,9648,144,10.48
koral--,android-gif-drawable,koral--/android-gif-drawable,https://github.com/koral--/android-gif-drawable,9631,61,12.64
bilibili,DanmakuFlameMaster,bilibili/DanmakuFlameMaster,https://github.com/bilibili/DanmakuFlameMaster,9600,5,12.11
spinnaker,spinnaker,spinnaker/spinnaker,https://github.com/spinnaker/spinnaker,9588,15,11.22
liaohuqiu,android-Ultra-Pull-To-Refresh,liaohuqiu/android-Ultra-Pull-To-Refresh,https://github.com/liaohuqiu/android-Ultra-Pull-To-Refresh,9563,8,10.86
MyCATApache,Mycat-Server,MyCATApache/Mycat-Server,https://github.com/MyCATApache/Mycat-Server,9553,7,10.8
umano,AndroidSlidingUpPanel,umano/AndroidSlidingUpPanel,https://github.com/umano/AndroidSlidingUpPanel,9498,8,12.31
crossoverJie,cim,crossoverJie/cim,https://github.com/crossoverJie/cim,9445,9,7.34
apache,cassandra,apache/cassandra,https://github.com/apache/cassandra,9394,0,16.34
pockethub,PocketHub,pockethub/PocketHub,https://github.com/pockethub/PocketHub,9380,1,14.04
Justson,AgentWeb,Justson/AgentWeb,https://github.com/Justson/AgentWeb,9352,21,8.36
seven332,EhViewer,seven332/EhViewer,https://github.com/seven332/EhViewer,9344,97,11.36
huanghaibin-dev,CalendarView,huanghaibin-dev/CalendarView,https://github.com/huanghaibin-dev/CalendarView,9317,1,8.53
spring-projects,spring-security,spring-projects/spring-security,https://github.com/spring-projects/spring-security,9307,232,13.7
json-path,JsonPath,json-path/JsonPath,https://github.com/json-path/JsonPath,9301,10,14.66
GcsSloop,AndroidNote,GcsSloop/AndroidNote,https://github.com/GcsSloop/AndroidNote,9295,0,9.71
android,testing-samples,android/testing-samples,https://github.com/android/testing-samples,9277,0,10.95
cats-oss,android-gpuimage,cats-oss/android-gpuimage,https://github.com/cats-oss/android-gpuimage,9131,0,12.96
flyway,flyway,flyway/flyway,https://github.com/flyway/flyway,9116,268,12.77
langchain4j,langchain4j,langchain4j/langchain4j,https://github.com/langchain4j/langchain4j,9061,52,2.26
didi,VirtualAPK,didi/VirtualAPK,https://github.com/didi/VirtualAPK,9042,4,8.23
apache,jmeter,apache/jmeter,https://github.com/apache/jmeter,9009,10,15.32
navasmdc,MaterialDesignLibrary,navasmdc/MaterialDesignLibrary,https://github.com/navasmdc/MaterialDesignLibrary,8971,3,10.98
KunMinX,Jetpack-MVVM-Best-Practice,KunMinX/Jetpack-MVVM-Best-Practice,https://github.com/KunMinX/Jetpack-MVVM-Best-Practice,8950,0,5.89
Freelander,Android_Data,Freelander/Android_Data,https://github.com/Freelander/Android_Data,8843,0,10.47
nathanmarz,storm,nathanmarz/storm,https://github.com/nathanmarz/storm,8811,0,14.01
java-native-access,jna,java-native-access/jna,https://github.com/java-native-access/jna,8803,0,14.4
laobie,StatusBarUtil,laobie/StatusBarUtil,https://github.com/laobie/StatusBarUtil,8799,0,9.6
apache,seatunnel,apache/seatunnel,https://github.com/apache/seatunnel,8798,52,8.13
flowable,flowable-engine,flowable/flowable-engine,https://github.com/flowable/flowable-engine,8733,28,8.94
Blankj,awesome-java-leetcode,Blankj/awesome-java-leetcode,https://github.com/Blankj/awesome-java-leetcode,8711,0,8.43
chrisbanes,Android-PullToRefresh,chrisbanes/Android-PullToRefresh,https://github.com/chrisbanes/Android-PullToRefresh,8687,0,13.81
checkstyle,checkstyle,checkstyle/checkstyle,https://github.com/checkstyle/checkstyle,8680,169,12.06
karatelabs,karate,karatelabs/karate,https://github.com/karatelabs/karate,8667,54,8.62
ybq,Android-SpinKit,ybq/Android-SpinKit,https://github.com/ybq/Android-SpinKit,8665,0,9.51
apache,shenyu,apache/shenyu,https://github.com/apache/shenyu,8663,13,7.2
shwenzhang,AndResGuard,shwenzhang/AndResGuard,https://github.com/shwenzhang/AndResGuard,8626,4,9.95
react-native-image-picker,react-native-image-picker,react-native-image-picker/react-native-image-picker,https://github.com/react-native-image-picker/react-native-image-picker,8591,142,10.29
chrisjenx,Calligraphy,chrisjenx/Calligraphy,https://github.com/chrisjenx/Calligraphy,8569,4,11.76
amitshekhariitbhu,Android-Debug-Database,amitshekhariitbhu/Android-Debug-Database,https://github.com/amitshekhariitbhu/Android-Debug-Database,8563,14,8.85
airbnb,epoxy,airbnb/epoxy,https://github.com/airbnb/epoxy,8561,76,9.12
dropwizard,dropwizard,dropwizard/dropwizard,https://github.com/dropwizard/dropwizard,8557,189,14.67
facebook,buck,facebook/buck,https://github.com/facebook/buck,8556,57,12.43
ZCShou,GoGoGo,ZCShou/GoGoGo,https://github.com/ZCShou/GoGoGo,8539,8,3.8
junit-team,junit4,junit-team/junit4,https://github.com/junit-team/junit4,8533,13,16.69
frohoff,ysoserial,frohoff/ysoserial,https://github.com/frohoff/ysoserial,8523,1,10.65
google,tsunami-security-scanner,google/tsunami-security-scanner,https://github.com/google/tsunami-security-scanner,8464,27,5.3
LSPosed,LSPatch,LSPosed/LSPatch,https://github.com/LSPosed/LSPatch,8401,9,4.56
PojavLauncherTeam,PojavLauncher,PojavLauncherTeam/PojavLauncher,https://github.com/PojavLauncherTeam/PojavLauncher,8396,126,5.53
roughike,BottomBar,roughike/BottomBar,https://github.com/roughike/BottomBar,8388,4,9.52
hs-web,hsweb-framework,hs-web/hsweb-framework,https://github.com/hs-web/hsweb-framework,8382,30,9.68
DImuthuUpe,AndroidPdfViewer,DImuthuUpe/AndroidPdfViewer,https://github.com/DImuthuUpe/AndroidPdfViewer,8364,0,9.3
testcontainers,testcontainers-java,testcontainers/testcontainers-java,https://github.com/testcontainers/testcontainers-java,8325,85,10.44
wildfirechat,im-server,wildfirechat/im-server,https://github.com/wildfirechat/im-server,8305,108,6.66
apache,beam,apache/beam,https://github.com/apache/beam,8299,53,9.63
apache,shardingsphere-elasticjob,apache/shardingsphere-elasticjob,https://github.com/apache/shardingsphere-elasticjob,8211,30,10.03
pentaho,pentaho-kettle,pentaho/pentaho-kettle,https://github.com/pentaho/pentaho-kettle,8180,1,11.95
cabaletta,baritone,cabaletta/baritone,https://github.com/cabaletta/baritone,8176,85,7.14
alibaba,atlas,alibaba/atlas,https://github.com/alibaba/atlas,8150,7,8.56
HMCL-dev,HMCL,HMCL-dev/HMCL,https://github.com/HMCL-dev/HMCL,8149,260,10.25
alibaba,transmittable-thread-local,alibaba/transmittable-thread-local,https://github.com/alibaba/transmittable-thread-local,8135,58,11.94
alibaba,otter,alibaba/otter,https://github.com/alibaba/otter,8128,10,12.12
bytedeco,javacv,bytedeco/javacv,https://github.com/bytedeco/javacv,8128,13,11.42
aeron-io,aeron,aeron-io/aeron,https://github.com/aeron-io/aeron,8121,126,11.62
aritraroy,UltimateAndroidReference,aritraroy/UltimateAndroidReference,https://github.com/aritraroy/UltimateAndroidReference,8118,0,8.45
florent37,MaterialViewPager,florent37/MaterialViewPager,https://github.com/florent37/MaterialViewPager,8114,11,10.41
guolindev,LitePal,guolindev/LitePal,https://github.com/guolindev/LitePal,8099,0,12.59
apache,iceberg,apache/iceberg,https://github.com/apache/iceberg,7988,31,6.84
davemorrissey,subsampling-scale-image-view,davemorrissey/subsampling-scale-image-view,https://github.com/davemorrissey/subsampling-scale-image-view,7988,21,12.07
Netflix,SimianArmy,Netflix/SimianArmy,https://github.com/Netflix/SimianArmy,7987,4,13.21
junixapp,XPopup,junixapp/XPopup,https://github.com/junixapp/XPopup,7969,221,6.79
apache,tomcat,apache/tomcat,https://github.com/apache/tomcat,7951,0,13.97
JakeWharton,hugo,JakeWharton/hugo,https://github.com/JakeWharton/hugo,7931,0,11.82
dropwizard,metrics,dropwizard/metrics,https://github.com/dropwizard/metrics,7850,140,15.57
HannahMitt,HomeMirror,HannahMitt/HomeMirror,https://github.com/HannahMitt/HomeMirror,7846,0,10.08
software-mansion,react-native-svg,software-mansion/react-native-svg,https://github.com/software-mansion/react-native-svg,7838,124,9.68
Graylog2,graylog2-server,Graylog2/graylog2-server,https://github.com/Graylog2/graylog2-server,7809,0,15.35
ChrisRM,material-theme-jetbrains,ChrisRM/material-theme-jetbrains,https://github.com/ChrisRM/material-theme-jetbrains,7791,17,10.0
krahets,LeetCode-Book,krahets/LeetCode-Book,https://github.com/krahets/LeetCode-Book,7706,0,3.76
trello-archive,RxLifecycle,trello-archive/RxLifecycle,https://github.com/trello-archive/RxLifecycle,7692,22,10.17
goldze,MVVMHabit,goldze/MVVMHabit,https://github.com/goldze/MVVMHabit,7686,3,8.17
lecho,hellocharts-android,lecho/hellocharts-android,https://github.com/lecho/hellocharts-android,7678,14,10.94
vipshop,vjtools,vipshop/vjtools,https://github.com/vipshop/vjtools,7673,9,7.32
Tencent,Shadow,Tencent/Shadow,https://github.com/Tencent/Shadow,7642,5,6.28
gedoor,MyBookshelf,gedoor/MyBookshelf,https://github.com/gedoor/MyBookshelf,7626,165,7.28
PowerJob,PowerJob,PowerJob/PowerJob,https://github.com/PowerJob/PowerJob,7592,51,5.52
google,android-classyshark,google/android-classyshark,https://github.com/google/android-classyshark,7588,17,9.94
google,closure-compiler,google/closure-compiler,https://github.com/google/closure-compiler,7571,0,11.43
jeecgboot,jimureport,jeecgboot/jimureport,https://github.com/jeecgboot/jimureport,7550,29,5.8
koush,AndroidAsync,koush/AndroidAsync,https://github.com/koush/AndroidAsync,7547,0,13.08
kaushikgopal,RxJava-Android-Samples,kaushikgopal/RxJava-Android-Samples,https://github.com/kaushikgopal/RxJava-Android-Samples,7527,0,11.16
kevin-wayne,algs4,kevin-wayne/algs4,https://github.com/kevin-wayne/algs4,7503,0,10.06
mapstruct,mapstruct,mapstruct/mapstruct,https://github.com/mapstruct/mapstruct,7502,35,13.32
yuanguangxin,LeetCode,yuanguangxin/LeetCode,https://github.com/yuanguangxin/LeetCode,7470,0,5.7
swagger-api,swagger-core,swagger-api/swagger-core,https://github.com/swagger-api/swagger-core,7461,121,14.21
gunnarmorling,1brc,gunnarmorling/1brc,https://github.com/gunnarmorling/1brc,7446,0,1.73
enso-org,enso,enso-org/enso,https://github.com/enso-org/enso,7442,486,8.76
lenve,VBlog,lenve/VBlog,https://github.com/lenve/VBlog,7418,0,7.74
dyc87112,SpringCloud-Learning,dyc87112/SpringCloud-Learning,https://github.com/dyc87112/SpringCloud-Learning,7405,0,9.09
jd-opensource,joyagent-jdgenie,jd-opensource/joyagent-jdgenie,https://github.com/jd-opensource/joyagent-jdgenie,7388,1,0.19
abel533,Mapper,abel533/Mapper,https://github.com/abel533/Mapper,7371,8,10.83
leolin310148,ShortcutBadger,leolin310148/ShortcutBadger,https://github.com/leolin310148/ShortcutBadger,7355,0,11.85
Qihoo360,RePlugin,Qihoo360/RePlugin,https://github.com/Qihoo360/RePlugin,7340,19,8.29
MinecraftForge,MinecraftForge,MinecraftForge/MinecraftForge,https://github.com/MinecraftForge/MinecraftForge,7303,0,13.65
square,dagger,square/dagger,https://github.com/square/dagger,7301,0,13.14
gocd,gocd,gocd/gocd,https://github.com/gocd/gocd,7298,86,11.77
AntennaPod,AntennaPod,AntennaPod/AntennaPod,https://github.com/AntennaPod/AntennaPod,7272,62,13.14
Bearded-Hen,Android-Bootstrap,Bearded-Hen/Android-Bootstrap,https://github.com/Bearded-Hen/Android-Bootstrap,7267,5,11.89
pedant,sweet-alert-dialog,pedant/sweet-alert-dialog,https://github.com/pedant/sweet-alert-dialog,7248,2,10.92
crazycodeboy,TakePhoto,crazycodeboy/TakePhoto,https://github.com/crazycodeboy/TakePhoto,7243,15,10.14
Exrick,xmall,Exrick/xmall,https://github.com/Exrick/xmall,7236,0,8.15
geeeeeeeeek,WeChatLuckyMoney,geeeeeeeeek/WeChatLuckyMoney,https://github.com/geeeeeeeeek/WeChatLuckyMoney,7223,20,9.98
cymcsg,UltimateRecyclerView,cymcsg/UltimateRecyclerView,https://github.com/cymcsg/UltimateRecyclerView,7203,9,10.65
dependency-check,DependencyCheck,dependency-check/DependencyCheck,https://github.com/dependency-check/DependencyCheck,7195,86,13.05
google,agera,google/agera,https://github.com/google/agera,7166,16,9.76
NanoHttpd,nanohttpd,NanoHttpd/nanohttpd,https://github.com/NanoHttpd/nanohttpd,7165,3,13.11
didi,KnowStreaming,didi/KnowStreaming,https://github.com/didi/KnowStreaming,7143,23,5.51
Genymobile,gnirehtet,Genymobile/gnirehtet,https://github.com/Genymobile/gnirehtet,7101,12,8.61
ogaclejapan,SmartTabLayout,ogaclejapan/SmartTabLayout,https://github.com/ogaclejapan/SmartTabLayout,7096,0,10.6
JakeWharton,ActionBarSherlock,JakeWharton/ActionBarSherlock,https://github.com/JakeWharton/ActionBarSherlock,7075,32,14.54
Alluxio,alluxio,Alluxio/alluxio,https://github.com/Alluxio/alluxio,7072,61,12.75
AutoMQ,automq,AutoMQ/automq,https://github.com/AutoMQ/automq,7067,70,2.1
naman14,Timber,naman14/Timber,https://github.com/naman14/Timber,7056,5,10.28
google,error-prone,google/error-prone,https://github.com/google/error-prone,7042,58,11.09
NLPchina,elasticsearch-sql,NLPchina/elasticsearch-sql,https://github.com/NLPchina/elasticsearch-sql,7033,272,11.08
rest-assured,rest-assured,rest-assured/rest-assured,https://github.com/rest-assured/rest-assured,7032,0,14.92
h2pl,JavaTutorial,h2pl/JavaTutorial,https://github.com/h2pl/JavaTutorial,7030,1,7.39
mrniko,netty-socketio,mrniko/netty-socketio,https://github.com/mrniko/netty-socketio,6996,19,13.69
wiremock,wiremock,wiremock/wiremock,https://github.com/wiremock/wiremock,6985,51,13.95
DroidPluginTeam,DroidPlugin,DroidPluginTeam/DroidPlugin,https://github.com/DroidPluginTeam/DroidPlugin,6960,2,10.07
alibaba,jvm-sandbox,alibaba/jvm-sandbox,https://github.com/alibaba/jvm-sandbox,6925,13,8.14
exadel-inc,CompreFace,exadel-inc/CompreFace,https://github.com/exadel-inc/CompreFace,6911,11,5.21
hongyangAndroid,okhttputils,hongyangAndroid/okhttputils,https://github.com/hongyangAndroid/okhttputils,6860,0,10.1
Meituan-Dianping,walle,Meituan-Dianping/walle,https://github.com/Meituan-Dianping/walle,6846,1,8.7
macrozheng,springcloud-learning,macrozheng/springcloud-learning,https://github.com/macrozheng/springcloud-learning,6837,0,6.04
rabbitmq,rabbitmq-tutorials,rabbitmq/rabbitmq-tutorials,https://github.com/rabbitmq/rabbitmq-tutorials,6809,0,15.0
CoderLeixiaoshuai,java-eight-part,CoderLeixiaoshuai/java-eight-part,https://github.com/CoderLeixiaoshuai/java-eight-part,6799,0,4.93
junit-team,junit-framework,junit-team/junit-framework,https://github.com/junit-team/junit-framework,6798,97,10.69
zo0r,react-native-push-notification,zo0r/react-native-push-notification,https://github.com/zo0r/react-native-push-notification,6787,35,9.77
smuyyh,BookReader,smuyyh/BookReader,https://github.com/smuyyh/BookReader,6785,0,9.13
Angel-ML,angel,Angel-ML/angel,https://github.com/Angel-ML/angel,6777,19,8.41
spring-projects,spring-ai,spring-projects/spring-ai,https://github.com/spring-projects/spring-ai,6774,3,2.24
markzhai,AndroidPerformanceMonitor,markzhai/AndroidPerformanceMonitor,https://github.com/markzhai/AndroidPerformanceMonitor,6725,0,9.68
guardianproject,haven,guardianproject/haven,https://github.com/guardianproject/haven,6724,37,8.56
fuzhengwei,itstack-demo-design,fuzhengwei/itstack-demo-design,https://github.com/fuzhengwei/itstack-demo-design,6722,0,5.34
getActivity,AndroidProject,getActivity/AndroidProject,https://github.com/getActivity/AndroidProject,6718,17,6.91
gzu-liyujiang,AndroidPicker,gzu-liyujiang/AndroidPicker,https://github.com/gzu-liyujiang/AndroidPicker,6715,57,9.92
zouzg,mybatis-generator-gui,zouzg/mybatis-generator-gui,https://github.com/zouzg/mybatis-generator-gui,6710,16,9.37
527515025,springBoot,527515025/springBoot,https://github.com/527515025/springBoot,6703,0,8.87
hongyangAndroid,AndroidAutoLayout,hongyangAndroid/AndroidAutoLayout,https://github.com/hongyangAndroid/AndroidAutoLayout,6675,0,9.84
Meituan-Dianping,Leaf,Meituan-Dianping/Leaf,https://github.com/Meituan-Dianping/Leaf,6673,0,6.78
Col-E,Recaf,Col-E/Recaf,https://github.com/Col-E/Recaf,6661,170,8.15
apache,storm,apache/storm,https://github.com/apache/storm,6655,5,11.88
yanzhenjie,AndPermission,yanzhenjie/AndPermission,https://github.com/yanzhenjie/AndPermission,6645,0,9.03
apache,hertzbeat,apache/hertzbeat,https://github.com/apache/hertzbeat,6616,6,3.63
raphw,byte-buddy,raphw/byte-buddy,https://github.com/raphw/byte-buddy,6611,304,11.82
quartz-scheduler,quartz,quartz-scheduler/quartz,https://github.com/quartz-scheduler/quartz,6610,5,9.54
GrenderG,Toasty,GrenderG/Toasty,https://github.com/GrenderG/Toasty,6595,19,8.67
apache,zeppelin,apache/zeppelin,https://github.com/apache/zeppelin,6561,0,10.49
MuntashirAkon,AppManager,MuntashirAkon/AppManager,https://github.com/MuntashirAkon/AppManager,6534,76,5.31
JesusFreke,smali,JesusFreke/smali,https://github.com/JesusFreke/smali,6534,0,12.99
FongMi,TV,FongMi/TV,https://github.com/FongMi/TV,6530,0,3.25
NLPchina,ansj_seg,NLPchina/ansj_seg,https://github.com/NLPchina/ansj_seg,6530,3,13.04
jOOQ,jOOQ,jOOQ/jOOQ,https://github.com/jOOQ/jOOQ,6527,105,14.43
processing,processing,processing/processing,https://github.com/processing/processing,6504,48,12.66
ximsfei,Android-skin-support,ximsfei/Android-skin-support,https://github.com/ximsfei/Android-skin-support,6504,0,8.69
getActivity,XXPermissions,getActivity/XXPermissions,https://github.com/getActivity/XXPermissions,6501,72,7.27
traccar,traccar,traccar/traccar,https://github.com/traccar/traccar,6483,64,13.43
wxiaoqi,Spring-Cloud-Platform,wxiaoqi/Spring-Cloud-Platform,https://github.com/wxiaoqi/Spring-Cloud-Platform,6434,3,8.33
ArthurHub,Android-Image-Cropper,ArthurHub/Android-Image-Cropper,https://github.com/ArthurHub/Android-Image-Cropper,6424,32,10.68
vinc3m1,RoundedImageView,vinc3m1/RoundedImageView,https://github.com/vinc3m1/RoundedImageView,6424,19,12.58
pig-mesh,pig,pig-mesh/pig,https://github.com/pig-mesh/pig,6419,19,6.08
hazelcast,hazelcast,hazelcast/hazelcast,https://github.com/hazelcast/hazelcast,6393,200,13.5
AsyncHttpClient,async-http-client,AsyncHttpClient/async-http-client,https://github.com/AsyncHttpClient/async-http-client,6391,7,14.54
vespa-engine,vespa,vespa-engine/vespa,https://github.com/vespa-engine/vespa,6362,240,9.3
aa112901,remusic,aa112901/remusic,https://github.com/aa112901/remusic,6360,0,9.49
sshahine,JFoenix,sshahine/JFoenix,https://github.com/sshahine/JFoenix,6342,0,10.04
joelittlejohn,jsonschema2pojo,joelittlejohn/jsonschema2pojo,https://github.com/joelittlejohn/jsonschema2pojo,6334,63,12.25
wasabeef,richeditor-android,wasabeef/richeditor-android,https://github.com/wasabeef/richeditor-android,6332,0,10.48
micronaut-projects,micronaut-core,micronaut-projects/micronaut-core,https://github.com/micronaut-projects/micronaut-core,6305,311,7.54
amitshekhariitbhu,from-java-to-kotlin,amitshekhariitbhu/from-java-to-kotlin,https://github.com/amitshekhariitbhu/from-java-to-kotlin,6293,0,8.34
648540858,wvp-GB28181-pro,648540858/wvp-GB28181-pro,https://github.com/648540858/wvp-GB28181-pro,6281,1,4.85
koush,ion,koush/ion,https://github.com/koush/ion,6273,0,12.33
lightbend,config,lightbend/config,https://github.com/lightbend/config,6261,3,13.79
haifengl,smile,haifengl/smile,https://github.com/haifengl/smile,6260,35,10.84
hibernate,hibernate-orm,hibernate/hibernate-orm,https://github.com/hibernate/hibernate-orm,6244,111,14.97
apache,flink-cdc,apache/flink-cdc,https://github.com/apache/flink-cdc,6227,22,5.15
ityouknow,spring-cloud-examples,ityouknow/spring-cloud-examples,https://github.com/ityouknow/spring-cloud-examples,6225,0,8.4
gephi,gephi,gephi/gephi,https://github.com/gephi/gephi,6217,19,13.92
logisim-evolution,logisim-evolution,logisim-evolution/logisim-evolution,https://github.com/logisim-evolution/logisim-evolution,6205,31,11.01
graphql-java,graphql-java,graphql-java/graphql-java,https://github.com/graphql-java/graphql-java,6200,93,10.21
DerekYRC,mini-spring,DerekYRC/mini-spring,https://github.com/DerekYRC/mini-spring,6198,0,4.84
apache,iotdb,apache/iotdb,https://github.com/apache/iotdb,6189,47,6.83
Javen205,IJPay,Javen205/IJPay,https://github.com/Javen205/IJPay,6179,24,8.39
jetlinks,jetlinks-community,jetlinks/jetlinks-community,https://github.com/jetlinks/jetlinks-community,6159,20,5.72
google,grafika,google/grafika,https://github.com/google/grafika,6135,1,11.76
auth0,java-jwt,auth0/java-jwt,https://github.com/auth0/java-jwt,6132,45,11.54
nayuki,QR-Code-generator,nayuki/QR-Code-generator,https://github.com/nayuki/QR-Code-generator,6129,5,9.44
ikew0ng,SwipeBackLayout,ikew0ng/SwipeBackLayout,https://github.com/ikew0ng/SwipeBackLayout,6123,0,12.08
apache,incubator-kie-drools,apache/incubator-kie-drools,https://github.com/apache/incubator-kie-drools,6122,6,14.59
daimajia,NumberProgressBar,daimajia/NumberProgressBar,https://github.com/daimajia/NumberProgressBar,6105,3,11.39
rengwuxian,MaterialEditText,rengwuxian/MaterialEditText,https://github.com/rengwuxian/MaterialEditText,6099,19,10.89
LaurieWired,GhidraMCP,LaurieWired/GhidraMCP,https://github.com/LaurieWired/GhidraMCP,6080,5,0.5
Vedenin,useful-java-links,Vedenin/useful-java-links,https://github.com/Vedenin/useful-java-links,6060,0,9.6
alipay,SoloPi,alipay/SoloPi,https://github.com/alipay/SoloPi,6047,8,6.52
LandGrey,SpringBootVulExploit,LandGrey/SpringBootVulExploit,https://github.com/LandGrey/SpringBootVulExploit,6038,0,5.34
singwhatiwanna,dynamic-load-apk,singwhatiwanna/dynamic-load-apk,https://github.com/singwhatiwanna/dynamic-load-apk,6030,0,11.48
google,j2objc,google/j2objc,https://github.com/google/j2objc,6029,1,11.64
pedrovgs,EffectiveAndroidUI,pedrovgs/EffectiveAndroidUI,https://github.com/pedrovgs/EffectiveAndroidUI,6014,0,11.22
graphhopper,graphhopper,graphhopper/graphhopper,https://github.com/graphhopper/graphhopper,6013,45,13.59
rey5137,material,rey5137/material,https://github.com/rey5137/material,5988,10,10.78
google,physical-web,google/physical-web,https://github.com/google/physical-web,5982,17,10.98
vavr-io,vavr,vavr-io/vavr,https://github.com/vavr-io/vavr,5977,19,11.64
obsidiandynamics,kafdrop,obsidiandynamics/kafdrop,https://github.com/obsidiandynamics/kafdrop,5976,50,6.32
wyouflf,xUtils3,wyouflf/xUtils3,https://github.com/wyouflf/xUtils3,5969,9,9.9
robolectric,robolectric,robolectric/robolectric,https://github.com/robolectric/robolectric,5967,110,15.07
btraceio,btrace,btraceio/btrace,https://github.com/btraceio/btrace,5961,33,11.07
apache,camel,apache/camel,https://github.com/apache/camel,5960,0,16.34
liyifeng1994,ssm,liyifeng1994/ssm,https://github.com/liyifeng1994/ssm,5957,0,9.26
javaparser,javaparser,javaparser/javaparser,https://github.com/javaparser/javaparser,5944,55,13.89
apache,hudi,apache/hudi,https://github.com/apache/hudi,5943,31,8.77
springfox,springfox,springfox/springfox,https://github.com/springfox/springfox,5941,12,13.38
prolificinteractive,material-calendarview,prolificinteractive/material-calendarview,https://github.com/prolificinteractive/material-calendarview,5926,22,10.61
google,google-java-format,google/google-java-format,https://github.com/google/google-java-format,5926,35,10.37
CeuiLiSA,Pixiv-Shaft,CeuiLiSA/Pixiv-Shaft,https://github.com/CeuiLiSA/Pixiv-Shaft,5921,115,6.48
antoniolg,androidmvp,antoniolg/androidmvp,https://github.com/antoniolg/androidmvp,5918,0,11.47
apache,pinot,apache/pinot,https://github.com/apache/pinot,5905,21,11.34
weibocom,motan,weibocom/motan,https://github.com/weibocom/motan,5899,28,9.42
alibaba,spring-ai-alibaba,alibaba/spring-ai-alibaba,https://github.com/alibaba/spring-ai-alibaba,5895,10,1.03
WeiYe-Jing,datax-web,WeiYe-Jing/datax-web,https://github.com/WeiYe-Jing/datax-web,5893,5,5.84
ZhongFuCheng3y,austin,ZhongFuCheng3y/austin,https://github.com/ZhongFuCheng3y/austin,5892,0,3.87
journeyapps,zxing-android-embedded,journeyapps/zxing-android-embedded,https://github.com/journeyapps/zxing-android-embedded,5892,9,12.81
opengoofy,hippo4j,opengoofy/hippo4j,https://github.com/opengoofy/hippo4j,5885,18,4.27
lets-blade,blade,lets-blade/blade,https://github.com/lets-blade/blade,5879,9,10.29
amitshekhariitbhu,Fast-Android-Networking,amitshekhariitbhu/Fast-Android-Networking,https://github.com/amitshekhariitbhu/Fast-Android-Networking,5843,10,9.5
JSQLParser,JSqlParser,JSQLParser/JSqlParser,https://github.com/JSQLParser/JSqlParser,5815,37,14.25
youtube,api-samples,youtube/api-samples,https://github.com/youtube/api-samples,5809,0,11.78
ffay,lanproxy,ffay/lanproxy,https://github.com/ffay/lanproxy,5805,1,8.84
Nightonke,BoomMenu,Nightonke/BoomMenu,https://github.com/Nightonke/BoomMenu,5804,0,9.51
changmingxie,tcc-transaction,changmingxie/tcc-transaction,https://github.com/changmingxie/tcc-transaction,5796,8,9.8
apache,hive,apache/hive,https://github.com/apache/hive,5797,0,16.34
yarolegovich,DiscreteScrollView,yarolegovich/DiscreteScrollView,https://github.com/yarolegovich/DiscreteScrollView,5787,2,8.55
JakeWharton,DiskLruCache,JakeWharton/DiskLruCache,https://github.com/JakeWharton/DiskLruCache,5774,0,13.71
dmytrodanylyk,circular-progress-button,dmytrodanylyk/circular-progress-button,https://github.com/dmytrodanylyk/circular-progress-button,5772,3,11.29
TeamAmaze,AmazeFileManager,TeamAmaze/AmazeFileManager,https://github.com/TeamAmaze/AmazeFileManager,5769,66,11.19
Nepxion,Discovery,Nepxion/Discovery,https://github.com/Nepxion/Discovery,5745,132,7.25
jeequan,jeepay,jeequan/jeepay,https://github.com/jeequan/jeepay,5740,0,8.11
k0shk0sh,FastHub,k0shk0sh/FastHub,https://github.com/k0shk0sh/FastHub,5726,63,8.59
Devlight,InfiniteCycleViewPager,Devlight/InfiniteCycleViewPager,https://github.com/Devlight/InfiniteCycleViewPager,5724,2,9.08
jpush,aurora-imui,jpush/aurora-imui,https://github.com/jpush/aurora-imui,5717,42,8.77
yanzhenjie,SwipeRecyclerView,yanzhenjie/SwipeRecyclerView,https://github.com/yanzhenjie/SwipeRecyclerView,5705,0,9.13
apache,nifi,apache/nifi,https://github.com/apache/nifi,5694,0,10.78
dromara,lamp-cloud,dromara/lamp-cloud,https://github.com/dromara/lamp-cloud,5691,0,7.68
springside,springside4,springside/springside4,https://github.com/springside/springside4,5684,3,13.58
Suwayomi,Suwayomi-Server,Suwayomi/Suwayomi-Server,https://github.com/Suwayomi/Suwayomi-Server,5672,58,4.74
jagrosh,MusicBot,jagrosh/MusicBot,https://github.com/jagrosh/MusicBot,5670,38,9.1
wasabeef,Blurry,wasabeef/Blurry,https://github.com/wasabeef/Blurry,5662,0,10.17
JakeWharton,u2020,JakeWharton/u2020,https://github.com/JakeWharton/u2020,5661,0,11.85
crazycodeboy,react-native-splash-screen,crazycodeboy/react-native-splash-screen,https://github.com/crazycodeboy/react-native-splash-screen,5661,12,9.02
hanks-zyh,HTextView,hanks-zyh/HTextView,https://github.com/hanks-zyh/HTextView,5649,0,9.76
redis,lettuce,redis/lettuce,https://github.com/redis/lettuce,5646,135,11.37
ZHENFENG13,spring-boot-projects,ZHENFENG13/spring-boot-projects,https://github.com/ZHENFENG13/spring-boot-projects,5640,0,8.48
JanusGraph,janusgraph,JanusGraph/janusgraph,https://github.com/JanusGraph/janusgraph,5623,28,8.74
daimajia,AndroidImageSlider,daimajia/AndroidImageSlider,https://github.com/daimajia/AndroidImageSlider,5616,5,11.3
meefik,linuxdeploy,meefik/linuxdeploy,https://github.com/meefik/linuxdeploy,5614,37,13.08
ElderDrivers,EdXposed,ElderDrivers/EdXposed,https://github.com/ElderDrivers/EdXposed,5603,27,6.67
TommyLemon,Android-ZBLibrary,TommyLemon/Android-ZBLibrary,https://github.com/TommyLemon/Android-ZBLibrary,5596,25,10.09
hongyangAndroid,FlowLayout,hongyangAndroid/FlowLayout,https://github.com/hongyangAndroid/FlowLayout,5594,0,10.07
amlcurran,ShowcaseView,amlcurran/ShowcaseView,https://github.com/amlcurran/ShowcaseView,5579,13,13.1
baidu,uid-generator,baidu/uid-generator,https://github.com/baidu/uid-generator,5561,0,8.49
knightliao,disconf,knightliao/disconf,https://github.com/knightliao/disconf,5552,12,11.31
nhaarman,ListViewAnimations,nhaarman/ListViewAnimations,https://github.com/nhaarman/ListViewAnimations,5544,14,12.51
00-Evan,shattered-pixel-dungeon,00-Evan/shattered-pixel-dungeon,https://github.com/00-Evan/shattered-pixel-dungeon,5504,52,11.14
danikula,AndroidVideoCache,danikula/AndroidVideoCache,https://github.com/danikula/AndroidVideoCache,5497,20,10.48
emilsjolander,StickyListHeaders,emilsjolander/StickyListHeaders,https://github.com/emilsjolander/StickyListHeaders,5493,16,13.53
wuhaoyu1990,MagicCamera,wuhaoyu1990/MagicCamera,https://github.com/wuhaoyu1990/MagicCamera,5492,0,9.7
alibaba,jetcache,alibaba/jetcache,https://github.com/alibaba/jetcache,5478,67,8.44
sockeqwe,mosby,sockeqwe/mosby,https://github.com/sockeqwe/mosby,5476,15,10.5
scribejava,scribejava,scribejava/scribejava,https://github.com/scribejava/scribejava,5466,9,15.04
201206030,novel,201206030/novel,https://github.com/201206030/novel,5458,12,5.86
alibaba,freeline,alibaba/freeline,https://github.com/alibaba/freeline,5458,22,9.13
KeepSafe,TapTargetView,KeepSafe/TapTargetView,https://github.com/KeepSafe/TapTargetView,5456,24,9.03
dm77,barcodescanner,dm77/barcodescanner,https://github.com/dm77/barcodescanner,5449,6,11.57
Jasonchenlijian,FastBle,Jasonchenlijian/FastBle,https://github.com/Jasonchenlijian/FastBle,5447,9,9.08
motianhuo,wechat,motianhuo/wechat,https://github.com/motianhuo/wechat,5437,0,10.33
ddd-by-examples,library,ddd-by-examples/library,https://github.com/ddd-by-examples/library,5434,0,6.69
facebookarchive,rebound,facebookarchive/rebound,https://github.com/facebookarchive/rebound,5415,10,11.95
apache,dubbo-spring-boot-project,apache/dubbo-spring-boot-project,https://github.com/apache/dubbo-spring-boot-project,5406,13,7.67
socketio,socket.io-client-java,socketio/socket.io-client-java,https://github.com/socketio/socket.io-client-java,5406,7,12.4
apache,hbase,apache/hbase,https://github.com/apache/hbase,5397,47,11.33
houbb,sensitive-word,houbb/sensitive-word,https://github.com/houbb/sensitive-word,5389,2,5.71
strimzi,strimzi-kafka-operator,strimzi/strimzi-kafka-operator,https://github.com/strimzi/strimzi-kafka-operator,5386,155,9.38
microsoft,typespec,microsoft/typespec,https://github.com/microsoft/typespec,5384,285,4.23
mik3y,usb-serial-for-android,mik3y/usb-serial-for-android,https://github.com/mik3y/usb-serial-for-android,5382,33,12.23
Evernote,android-job,Evernote/android-job,https://github.com/Evernote/android-job,5371,31,10.09
apache,groovy,apache/groovy,https://github.com/apache/groovy,5367,0,10.43
facebookarchive,shimmer-android,facebookarchive/shimmer-android,https://github.com/facebookarchive/shimmer-android,5364,5,10.57
ikarus23,MifareClassicTool,ikarus23/MifareClassicTool,https://github.com/ikarus23/MifareClassicTool,5359,8,12.61
spring-projects,spring-data-examples,spring-projects/spring-data-examples,https://github.com/spring-projects/spring-data-examples,5356,0,11.64
jgilfelt,SystemBarTint,jgilfelt/SystemBarTint,https://github.com/jgilfelt/SystemBarTint,5354,3,11.84
commonsguy,cw-omnibus,commonsguy/cw-omnibus,https://github.com/commonsguy/cw-omnibus,5348,36,13.53
h6ah4i,android-advancedrecyclerview,h6ah4i/android-advancedrecyclerview,https://github.com/h6ah4i/android-advancedrecyclerview,5335,1,10.66
coobird,thumbnailator,coobird/thumbnailator,https://github.com/coobird/thumbnailator,5330,0,10.16
osmandapp,OsmAnd,osmandapp/OsmAnd,https://github.com/osmandapp/OsmAnd,5322,1,14.68
XRecyclerView,XRecyclerView,XRecyclerView/XRecyclerView,https://github.com/XRecyclerView/XRecyclerView,5319,0,9.84
mybatis,generator,mybatis/generator,https://github.com/mybatis/generator,5311,11,12.61
LFDT-web3j,web3j,LFDT-web3j/web3j,https://github.com/LFDT-web3j/web3j,5306,119,9.05
google,google-authenticator,google/google-authenticator,https://github.com/google/google-authenticator,5305,0,10.95
evant,gradle-retrolambda,evant/gradle-retrolambda,https://github.com/evant/gradle-retrolambda,5290,37,12.13
CaffeineMC,sodium,CaffeineMC/sodium,https://github.com/CaffeineMC/sodium,5278,40,5.64
xxv,android-lifecycle,xxv/android-lifecycle,https://github.com/xxv/android-lifecycle,5271,0,11.43
yixia,VitamioBundle,yixia/VitamioBundle,https://github.com/yixia/VitamioBundle,5268,0,12.92
zfdang,Android-Touch-Helper,zfdang/Android-Touch-Helper,https://github.com/zfdang/Android-Touch-Helper,5264,112,4.93
CodingDocs,springboot-guide,CodingDocs/springboot-guide,https://github.com/CodingDocs/springboot-guide,5252,0,6.82
alibaba,QLExpress,alibaba/QLExpress,https://github.com/alibaba/QLExpress,5248,18,8.52
cinit,QAuxiliary,cinit/QAuxiliary,https://github.com/cinit/QAuxiliary,5246,48,3.64
lingochamp,okdownload,lingochamp/okdownload,https://github.com/lingochamp/okdownload,5245,8,7.76
thinkaurelius,titan,thinkaurelius/titan,https://github.com/thinkaurelius/titan,5243,0,13.57
Yalantis,Side-Menu.Android,Yalantis/Side-Menu.Android,https://github.com/Yalantis/Side-Menu.Android,5239,2,10.69
rubenlagus,TelegramBots,rubenlagus/TelegramBots,https://github.com/rubenlagus/TelegramBots,5233,108,9.69
razerdp,BasePopup,razerdp/BasePopup,https://github.com/razerdp/BasePopup,5233,15,9.69
Doikki,DKVideoPlayer,Doikki/DKVideoPlayer,https://github.com/Doikki/DKVideoPlayer,5232,32,8.45
liquibase,liquibase,liquibase/liquibase,https://github.com/liquibase/liquibase,5230,103,14.21
lucasr,twoway-view,lucasr/twoway-view,https://github.com/lucasr/twoway-view,5223,0,12.67
GeyserMC,Geyser,GeyserMC/Geyser,https://github.com/GeyserMC/Geyser,5221,0,6.21
huangyanbin,smartTable,huangyanbin/smartTable,https://github.com/huangyanbin/smartTable,5219,44,7.87
Karumi,Dexter,Karumi/Dexter,https://github.com/Karumi/Dexter,5215,33,9.85
pmd,pmd,pmd/pmd,https://github.com/pmd/pmd,5214,108,13.2
dunwu,db-tutorial,dunwu/db-tutorial,https://github.com/dunwu/db-tutorial,5207,0,8.12
Clans,FloatingActionButton,Clans/FloatingActionButton,https://github.com/Clans/FloatingActionButton,5206,14,10.51
tonikelope,megabasterd,tonikelope/megabasterd,https://github.com/tonikelope/megabasterd,5201,208,8.98
citerus,dddsample-core,citerus/dddsample-core,https://github.com/citerus/dddsample-core,5200,0,10.64
remkop,picocli,remkop/picocli,https://github.com/remkop/picocli,5198,86,8.64
hustcc,JS-Sorting-Algorithm,hustcc/JS-Sorting-Algorithm,https://github.com/hustcc/JS-Sorting-Algorithm,5186,0,8.67
android,views-widgets-samples,android/views-widgets-samples,https://github.com/android/views-widgets-samples,5161,0,6.04
j-easy,easy-rules,j-easy/easy-rules,https://github.com/j-easy/easy-rules,5154,10,12.53
careercup,ctci,careercup/ctci,https://github.com/careercup/ctci,5145,0,12.5
square,otto,square/otto,https://github.com/square/otto,5145,0,13.23
novicezk,midjourney-proxy,novicezk/midjourney-proxy,https://github.com/novicezk/midjourney-proxy,5144,0,2.41
Fuzion24,JustTrustMe,Fuzion24/JustTrustMe,https://github.com/Fuzion24/JustTrustMe,5144,1,11.16
bitcoinj,bitcoinj,bitcoinj/bitcoinj,https://github.com/bitcoinj/bitcoinj,5143,14,11.84
brianfrankcooper,YCSB,brianfrankcooper/YCSB,https://github.com/brianfrankcooper/YCSB,5139,55,15.43
reactor,reactor-core,reactor/reactor-core,https://github.com/reactor/reactor-core,5137,212,9.86
LWJGL,lwjgl3,LWJGL/lwjgl3,https://github.com/LWJGL/lwjgl3,5130,21,12.74
fast-excel,fesod,fast-excel/fesod,https://github.com/fast-excel/fesod,5128,5,0.96
hneemann,Digital,hneemann/Digital,https://github.com/hneemann/Digital,5119,35,9.23
runelite,runelite,runelite/runelite,https://github.com/runelite/runelite,5117,0,9.39
CellularPrivacy,Android-IMSI-Catcher-Detector,CellularPrivacy/Android-IMSI-Catcher-Detector,https://github.com/CellularPrivacy/Android-IMSI-Catcher-Detector,5101,48,11.83
zhanglei-workspace,shopping-management-system,zhanglei-workspace/shopping-management-system,https://github.com/zhanglei-workspace/shopping-management-system,5098,0,9.85
jindrapetrik,jpexs-decompiler,jindrapetrik/jpexs-decompiler,https://github.com/jindrapetrik/jpexs-decompiler,5091,172,11.37
diffplug,spotless,diffplug/spotless,https://github.com/diffplug/spotless,5087,35,10.4
deathmarine,Luyten,deathmarine/Luyten,https://github.com/deathmarine/Luyten,5084,17,12.2
natario1,CameraView,natario1/CameraView,https://github.com/natario1/CameraView,5083,42,8.18
oshi,oshi,oshi/oshi,https://github.com/oshi/oshi,5079,166,13.61
OpenTSDB,opentsdb,OpenTSDB/opentsdb,https://github.com/OpenTSDB/opentsdb,5063,27,15.07
sofastack,sofa-boot,sofastack/sofa-boot,https://github.com/sofastack/sofa-boot,5061,82,7.47
spring-projects,spring-authorization-server,spring-projects/spring-authorization-server,https://github.com/spring-projects/spring-authorization-server,5052,78,5.51
baomidou,dynamic-datasource,baomidou/dynamic-datasource,https://github.com/baomidou/dynamic-datasource,5050,18,7.4
wequick,Small,wequick/Small,https://github.com/wequick/Small,5049,25,9.82
xuexiangjys,XUI,xuexiangjys/XUI,https://github.com/xuexiangjys/XUI,5045,23,6.7
Exrick,xpay,Exrick/xpay,https://github.com/Exrick/xpay,5041,0,7.78
killbill,killbill,killbill/killbill,https://github.com/killbill/killbill,5033,150,12.92
youlookwhat,DesignPattern,youlookwhat/DesignPattern,https://github.com/youlookwhat/DesignPattern,5024,0,8.92
jankotek,mapdb,jankotek/mapdb,https://github.com/jankotek/mapdb,5017,0,13.1
yipianfengye,android-zxingLibrary,yipianfengye/android-zxingLibrary,https://github.com/yipianfengye/android-zxingLibrary,5014,0,9.16
Trinea,android-common,Trinea/android-common,https://github.com/Trinea/android-common,5014,1,13.26
tianshiyeben,wgcloud,tianshiyeben/wgcloud,https://github.com/tianshiyeben/wgcloud,5011,29,6.69
line,armeria,line/armeria,https://github.com/line/armeria,5003,261,9.85
rubensousa,GravitySnapHelper,rubensousa/GravitySnapHelper,https://github.com/rubensousa/GravitySnapHelper,5002,14,9.06
2227324689,gpmall,2227324689/gpmall,https://github.com/2227324689/gpmall,5001,0,6.18
youlookwhat,CloudReader,youlookwhat/CloudReader,https://github.com/youlookwhat/CloudReader,4994,26,8.84
DingMouRen,LayoutManagerGroup,DingMouRen/LayoutManagerGroup,https://github.com/DingMouRen/LayoutManagerGroup,4992,0,7.4
killme2008,aviatorscript,killme2008/aviatorscript,https://github.com/killme2008/aviatorscript,4989,52,14.48
orhanobut,dialogplus,orhanobut/dialogplus,https://github.com/orhanobut/dialogplus,4987,9,10.78
apache,ignite,apache/ignite,https://github.com/apache/ignite,4987,0,10.59
spring-attic,spring-mvc-showcase,spring-attic/spring-mvc-showcase,https://github.com/spring-attic/spring-mvc-showcase,4986,0,14.3
alibaba,UltraViewPager,alibaba/UltraViewPager,https://github.com/alibaba/UltraViewPager,4978,10,8.48
JodaOrg,joda-time,JodaOrg/joda-time,https://github.com/JodaOrg/joda-time,4977,50,14.35
frogermcs,InstaMaterial,frogermcs/InstaMaterial,https://github.com/frogermcs/InstaMaterial,4968,1,10.86
bisq-network,bisq,bisq-network/bisq,https://github.com/bisq-network/bisq,4958,142,11.53
PBH-BTN,PeerBanHelper,PBH-BTN/PeerBanHelper,https://github.com/PBH-BTN/PeerBanHelper,4949,149,1.62
Devlight,NavigationTabBar,Devlight/NavigationTabBar,https://github.com/Devlight/NavigationTabBar,4947,13,9.48
react-native-linear-gradient,react-native-linear-gradient,react-native-linear-gradient/react-native-linear-gradient,https://github.com/react-native-linear-gradient/react-native-linear-gradient,4943,18,10.48
apache,calcite,apache/calcite,https://github.com/apache/calcite,4941,0,11.24
amitshekhariitbhu,RxJava2-Android-Samples,amitshekhariitbhu/RxJava2-Android-Samples,https://github.com/amitshekhariitbhu/RxJava2-Android-Samples,4940,0,9.07
spring-cloud,spring-cloud-netflix,spring-cloud/spring-cloud-netflix,https://github.com/spring-cloud/spring-cloud-netflix,4934,24,11.2
Docile-Alligator,Infinity-For-Reddit,Docile-Alligator/Infinity-For-Reddit,https://github.com/Docile-Alligator/Infinity-For-Reddit,4929,183,7.16
roncoo,roncoo-pay,roncoo/roncoo-pay,https://github.com/roncoo/roncoo-pay,4924,0,9.17
lugg,react-native-config,lugg/react-native-config,https://github.com/lugg/react-native-config,4922,30,9.58
traex,RippleEffect,traex/RippleEffect,https://github.com/traex/RippleEffect,4914,0,10.94
querydsl,querydsl,querydsl/querydsl,https://github.com/querydsl/querydsl,4912,35,14.13
javastacks,spring-boot-best-practice,javastacks/spring-boot-best-practice,https://github.com/javastacks/spring-boot-best-practice,4911,0,6.87
Ramotion,folding-cell-android,Ramotion/folding-cell-android,https://github.com/Ramotion/folding-cell-android,4901,0,9.47
DiUS,java-faker,DiUS/java-faker,https://github.com/DiUS/java-faker,4898,0,14.3
cglib,cglib,cglib/cglib,https://github.com/cglib/cglib,4879,15,11.48
orientechnologies,orientdb,orientechnologies/orientdb,https://github.com/orientechnologies/orientdb,4873,225,12.78
rstudio,rstudio,rstudio/rstudio,https://github.com/rstudio/rstudio,4870,0,14.79
react-native-webrtc,react-native-webrtc,react-native-webrtc/react-native-webrtc,https://github.com/react-native-webrtc/react-native-webrtc,4866,81,9.98
allure-framework,allure2,allure-framework/allure2,https://github.com/allure-framework/allure2,4865,80,9.32
Sayi,poi-tl,Sayi/poi-tl,https://github.com/Sayi/poi-tl,4861,14,10.51
reactive-streams,reactive-streams-jvm,reactive-streams/reactive-streams-jvm,https://github.com/reactive-streams/reactive-streams-jvm,4861,0,11.56
nextcloud,android,nextcloud/android,https://github.com/nextcloud/android,4860,262,9.29
fuzhengwei,small-spring,fuzhengwei/small-spring,https://github.com/fuzhengwei/small-spring,4853,0,4.35
mcxiaoke,packer-ng-plugin,mcxiaoke/packer-ng-plugin,https://github.com/mcxiaoke/packer-ng-plugin,4827,1,9.83
andkulikov,Transitions-Everywhere,andkulikov/Transitions-Everywhere,https://github.com/andkulikov/Transitions-Everywhere,4805,23,10.94
claritylab,lucida,claritylab/lucida,https://github.com/claritylab/lucida,4800,0,11.36
mock-server,mockserver,mock-server/mockserver,https://github.com/mock-server/mockserver,4796,0,12.57
TheoKanning,openai-java,TheoKanning/openai-java,https://github.com/TheoKanning/openai-java,4787,22,5.02
saiwu-bigkoo,Android-ConvenientBanner,saiwu-bigkoo/Android-ConvenientBanner,https://github.com/saiwu-bigkoo/Android-ConvenientBanner,4771,0,10.75
apache,maven,apache/maven,https://github.com/apache/maven,4769,26,16.34
ronmamo,reflections,ronmamo/reflections,https://github.com/ronmamo/reflections,4768,3,12.43
tuguangquan,mybatis,tuguangquan/mybatis,https://github.com/tuguangquan/mybatis,4765,0,10.88
etsy,AndroidStaggeredGrid,etsy/AndroidStaggeredGrid,https://github.com/etsy/AndroidStaggeredGrid,4751,7,11.78
kyleduo,SwitchButton,kyleduo/SwitchButton,https://github.com/kyleduo/SwitchButton,4747,0,11.03
nisrulz,android-tips-tricks,nisrulz/android-tips-tricks,https://github.com/nisrulz/android-tips-tricks,4745,0,9.07
spring-cloud,spring-cloud-gateway,spring-cloud/spring-cloud-gateway,https://github.com/spring-cloud/spring-cloud-gateway,4742,36,8.85
firebase,FirebaseUI-Android,firebase/FirebaseUI-Android,https://github.com/firebase/FirebaseUI-Android,4735,66,10.2
hongyangAndroid,baseAdapter,hongyangAndroid/baseAdapter,https://github.com/hongyangAndroid/baseAdapter,4720,0,10.14
google,cameraview,google/cameraview,https://github.com/google/cameraview,4717,0,9.13
zq2599,blog_demos,zq2599/blog_demos,https://github.com/zq2599/blog_demos,4715,0,8.45
micrometer-metrics,micrometer,micrometer-metrics/micrometer,https://github.com/micrometer-metrics/micrometer,4714,273,8.45
hansonwang99,Spring-Boot-In-Action,hansonwang99/Spring-Boot-In-Action,https://github.com/hansonwang99/Spring-Boot-In-Action,4715,0,6.65
spring-attic,spring-security-oauth,spring-attic/spring-security-oauth,https://github.com/spring-attic/spring-security-oauth,4703,0,14.16
zlt2000,microservices-platform,zlt2000/microservices-platform,https://github.com/zlt2000/microservices-platform,4703,30,6.54
jgilfelt,chuck,jgilfelt/chuck,https://github.com/jgilfelt/chuck,4701,5,8.62
gsantner,markor,gsantner/markor,https://github.com/gsantner/markor,4681,78,8.07
pardom-zz,ActiveAndroid,pardom-zz/ActiveAndroid,https://github.com/pardom-zz/ActiveAndroid,4677,0,12.85
saysky,ForestBlog,saysky/ForestBlog,https://github.com/saysky/ForestBlog,4670,0,7.95
TGX-Android,Telegram-X,TGX-Android/Telegram-X,https://github.com/TGX-Android/Telegram-X,4670,5,4.1
SPLWare,esProc,SPLWare/esProc,https://github.com/SPLWare/esProc,4669,0,3.87
stleary,JSON-java,stleary/JSON-java,https://github.com/stleary/JSON-java,4662,24,14.75
cjlin1,libsvm,cjlin1/libsvm,https://github.com/cjlin1/libsvm,4661,0,12.03
wdullaer,MaterialDateTimePicker,wdullaer/MaterialDateTimePicker,https://github.com/wdullaer/MaterialDateTimePicker,4656,54,10.72
Heeexy,SpringBoot-Shiro-Vue,Heeexy/SpringBoot-Shiro-Vue,https://github.com/Heeexy/SpringBoot-Shiro-Vue,4649,0,7.84
deepjavalibrary,djl,deepjavalibrary/djl,https://github.com/deepjavalibrary/djl,4648,35,5.9
gabrielemariotti,cardslib,gabrielemariotti/cardslib,https://github.com/gabrielemariotti/cardslib,4644,27,12.0
bytedeco,javacpp,bytedeco/javacpp,https://github.com/bytedeco/javacpp,4643,13,11.42
romandanylyk,PageIndicatorView,romandanylyk/PageIndicatorView,https://github.com/romandanylyk/PageIndicatorView,4639,14,9.09
oracle,opengrok,oracle/opengrok,https://github.com/oracle/opengrok,4638,294,12.7
ReVanced,revanced-patches,ReVanced/revanced-patches,https://github.com/ReVanced/revanced-patches,4636,687,1.77
SuperMonster003,AutoJs6,SuperMonster003/AutoJs6,https://github.com/SuperMonster003/AutoJs6,4632,20,3.81
981011512,--,981011512/--,https://github.com/981011512/--,4619,0,5.26
bepass-org,oblivion,bepass-org/oblivion,https://github.com/bepass-org/oblivion,4619,12,1.62
Netflix,ribbon,Netflix/ribbon,https://github.com/Netflix/ribbon,4618,41,12.68
apache,rocketmq-externals,apache/rocketmq-externals,https://github.com/apache/rocketmq-externals,4608,0,8.52
SplashCodes,JAViewer,SplashCodes/JAViewer,https://github.com/SplashCodes/JAViewer,4605,10,9.34
yasserg,crawler4j,yasserg/crawler4j,https://github.com/yasserg/crawler4j,4604,3,13.72
angryip,ipscan,angryip/ipscan,https://github.com/angryip/ipscan,4600,31,14.23
RedSpider1,concurrent,RedSpider1/concurrent,https://github.com/RedSpider1/concurrent,4589,0,6.88
chewiebug,GCViewer,chewiebug/GCViewer,https://github.com/chewiebug/GCViewer,4589,5,13.91
CalebFenton,simplify,CalebFenton/simplify,https://github.com/CalebFenton/simplify,4587,9,11.68
dromara,dynamic-tp,dromara/dynamic-tp,https://github.com/dromara/dynamic-tp,4584,19,3.7
puniverse,quasar,puniverse/quasar,https://github.com/puniverse/quasar,4578,18,12.49
rememberber,WePush,rememberber/WePush,https://github.com/rememberber/WePush,4578,58,8.25
booklore-app,booklore,booklore-app/booklore,https://github.com/booklore-app/booklore,4573,91,0.77
chentao0707,SimplifyReader,chentao0707/SimplifyReader,https://github.com/chentao0707/SimplifyReader,4566,0,10.1
javagrowing,JGrowing,javagrowing/JGrowing,https://github.com/javagrowing/JGrowing,4564,0,6.57
charles2gan,GDA-android-reversing-Tool,charles2gan/GDA-android-reversing-Tool,https://github.com/charles2gan/GDA-android-reversing-Tool,4561,40,7.89
objectbox,objectbox-java,objectbox/objectbox-java,https://github.com/objectbox/objectbox-java,4560,48,8.66
zhanghai,Douya,zhanghai/Douya,https://github.com/zhanghai/Douya,4558,11,9.64
discord-jda,JDA,discord-jda/JDA,https://github.com/discord-jda/JDA,4555,111,9.78
go-lang-plugin-org,go-lang-idea-plugin,go-lang-plugin-org/go-lang-idea-plugin,https://github.com/go-lang-plugin-org/go-lang-idea-plugin,4549,21,15.06
square,sqlbrite,square/sqlbrite,https://github.com/square/sqlbrite,4545,9,10.59
danielzeller,Depth-LIB-Android-,danielzeller/Depth-LIB-Android-,https://github.com/danielzeller/Depth-LIB-Android-,4543,0,9.4
zhkl0228,unidbg,zhkl0228/unidbg,https://github.com/zhkl0228/unidbg,4537,15,6.57
jdamcd,android-crop,jdamcd/android-crop,https://github.com/jdamcd/android-crop,4536,6,11.53
JZ-Darkal,AndroidHttpCapture,JZ-Darkal/AndroidHttpCapture,https://github.com/JZ-Darkal/AndroidHttpCapture,4534,1,8.93
hussien89aa,AndroidTutorialForBeginners,hussien89aa/AndroidTutorialForBeginners,https://github.com/hussien89aa/AndroidTutorialForBeginners,4532,0,8.99
alibaba,dexposed,alibaba/dexposed,https://github.com/alibaba/dexposed,4531,0,10.23
castorflex,SmoothProgressBar,castorflex/SmoothProgressBar,https://github.com/castorflex/SmoothProgressBar,4520,9,11.82
ant-media,Ant-Media-Server,ant-media/Ant-Media-Server,https://github.com/ant-media/Ant-Media-Server,4519,64,8.56
Flipboard,bottomsheet,Flipboard/bottomsheet,https://github.com/Flipboard/bottomsheet,4517,10,10.41
tiann,epic,tiann/epic,https://github.com/tiann/epic,4517,5,8.34
azkaban,azkaban,azkaban/azkaban,https://github.com/azkaban/azkaban,4515,48,12.93
phishman3579,java-algorithms-implementation,phishman3579/java-algorithms-implementation,https://github.com/phishman3579/java-algorithms-implementation,4511,0,11.84
zongzibinbin,MallChat,zongzibinbin/MallChat,https://github.com/zongzibinbin/MallChat,4493,0,2.52
HotBitmapGG,bilibili-android-client,HotBitmapGG/bilibili-android-client,https://github.com/HotBitmapGG/bilibili-android-client,4493,1,9.31
JakeWharton,NineOldAndroids,JakeWharton/NineOldAndroids,https://github.com/JakeWharton/NineOldAndroids,4477,0,13.79
Meituan-Dianping,Robust,Meituan-Dianping/Robust,https://github.com/Meituan-Dianping/Robust,4458,13,8.52
h2database,h2database,h2database/h2database,https://github.com/h2database/h2database,4455,23,10.45
linhaojun857,aurora,linhaojun857/aurora,https://github.com/linhaojun857/aurora,4450,0,3.09
janishar,android-mvp-architecture,janishar/android-mvp-architecture,https://github.com/janishar/android-mvp-architecture,4443,0,8.65
square,android-times-square,square/android-times-square,https://github.com/square/android-times-square,4437,0,12.64
dreamhead,moco,dreamhead/moco,https://github.com/dreamhead/moco,4428,1,12.93
water8394,flink-recommandSystem-demo,water8394/flink-recommandSystem-demo,https://github.com/water8394/flink-recommandSystem-demo,4424,0,6.35
Tencent,GT,Tencent/GT,https://github.com/Tencent/GT,4414,3,9.69
jacoco,jacoco,jacoco/jacoco,https://github.com/jacoco/jacoco,4412,49,13.2
IoT-Technology,IoT-Technical-Guide,IoT-Technology/IoT-Technical-Guide,https://github.com/IoT-Technology/IoT-Technical-Guide,4408,0,6.48
Freeyourgadget,Gadgetbridge,Freeyourgadget/Gadgetbridge,https://github.com/Freeyourgadget/Gadgetbridge,4407,0,10.71
airbnb,DeepLinkDispatch,airbnb/DeepLinkDispatch,https://github.com/airbnb/DeepLinkDispatch,4406,24,10.28
apache,shiro,apache/shiro,https://github.com/apache/shiro,4402,14,16.06
robinhood,ticker,robinhood/ticker,https://github.com/robinhood/ticker,4391,9,9.19
flutter-webrtc,flutter-webrtc,flutter-webrtc/flutter-webrtc,https://github.com/flutter-webrtc/flutter-webrtc,4379,133,7.55
Ashok-Varma,BottomNavigation,Ashok-Varma/BottomNavigation,https://github.com/Ashok-Varma/BottomNavigation,4364,16,9.51
awangdev,leet-code,awangdev/leet-code,https://github.com/awangdev/leet-code,4359,0,10.41
pytorch,serve,pytorch/serve,https://github.com/pytorch/serve,4349,24,5.97
kermitt2,grobid,kermitt2/grobid,https://github.com/kermitt2/grobid,4325,22,13.02
eirslett,frontend-maven-plugin,eirslett/frontend-maven-plugin,https://github.com/eirslett/frontend-maven-plugin,4323,0,12.06
mywalkb,LSPosed_mod,mywalkb/LSPosed_mod,https://github.com/mywalkb/LSPosed_mod,4316,10,3.49
jeasonlzy,ImagePicker,jeasonlzy/ImagePicker,https://github.com/jeasonlzy/ImagePicker,4314,5,9.65
bingoogolapple,BGARefreshLayout-Android,bingoogolapple/BGARefreshLayout-Android,https://github.com/bingoogolapple/BGARefreshLayout-Android,4308,4,10.32
crate,crate,crate/crate,https://github.com/crate/crate,4299,139,12.45
Snailclimb,guide-rpc-framework,Snailclimb/guide-rpc-framework,https://github.com/Snailclimb/guide-rpc-framework,4288,0,5.37
dragonwell-project,dragonwell8,dragonwell-project/dragonwell8,https://github.com/dragonwell-project/dragonwell8,4288,42,6.55
ThirtyDegreesRay,OpenHub,ThirtyDegreesRay/OpenHub,https://github.com/ThirtyDegreesRay/OpenHub,4280,31,8.2
mcxiaoke,android-volley,mcxiaoke/android-volley,https://github.com/mcxiaoke/android-volley,4278,0,12.34
bjmashibing,InternetArchitect,bjmashibing/InternetArchitect,https://github.com/bjmashibing/InternetArchitect,4274,0,5.92
failsafe-lib,failsafe,failsafe-lib/failsafe,https://github.com/failsafe-lib/failsafe,4273,0,10.23
brianway,java-learning,brianway/java-learning,https://github.com/brianway/java-learning,4271,0,9.62
ongakuer,CircleIndicator,ongakuer/CircleIndicator,https://github.com/ongakuer/CircleIndicator,4270,7,11.15
201206030,novel-plus,201206030/novel-plus,https://github.com/201206030/novel-plus,4266,34,5.39
jitsi,jitsi,jitsi/jitsi,https://github.com/jitsi/jitsi,4264,7,12.41
aporter,coursera-android,aporter/coursera-android,https://github.com/aporter/coursera-android,4263,0,11.71
grantland,android-autofittextview,grantland/android-autofittextview,https://github.com/grantland/android-autofittextview,4260,1,14.6
google,open-location-code,google/open-location-code,https://github.com/google/open-location-code,4251,5,10.98
camunda,camunda-bpm-platform,camunda/camunda-bpm-platform,https://github.com/camunda/camunda-bpm-platform,4242,0,12.71
jlegewie,zotfile,jlegewie/zotfile,https://github.com/jlegewie/zotfile,4241,33,13.73
s4kibs4mi,java-developer-roadmap,s4kibs4mi/java-developer-roadmap,https://github.com/s4kibs4mi/java-developer-roadmap,4233,0,6.41
freeok,so-novel,freeok/so-novel,https://github.com/freeok/so-novel,4223,46,3.33
jboss-javassist,javassist,jboss-javassist/javassist,https://github.com/jboss-javassist/javassist,4217,24,12.33
mybatis,spring-boot-starter,mybatis/spring-boot-starter,https://github.com/mybatis/spring-boot-starter,4216,32,9.99
ChadCSong,ShineButton,ChadCSong/ShineButton,https://github.com/ChadCSong/ShineButton,4215,2,9.21
nining377,dolby_beta,nining377/dolby_beta,https://github.com/nining377/dolby_beta,4210,37,5.34
tencentmusic,supersonic,tencentmusic/supersonic,https://github.com/tencentmusic/supersonic,4206,15,2.28
microsoft,malmo,microsoft/malmo,https://github.com/microsoft/malmo,4202,21,9.35
apache,streampark,apache/streampark,https://github.com/apache/streampark,4200,15,6.32
yhaolpz,FloatWindow,yhaolpz/FloatWindow,https://github.com/yhaolpz/FloatWindow,4197,9,7.85
hugeterry,CoordinatorTabLayout,hugeterry/CoordinatorTabLayout,https://github.com/hugeterry/CoordinatorTabLayout,4196,0,8.65
codingapi,tx-lcn,codingapi/tx-lcn,https://github.com/codingapi/tx-lcn,4196,14,7.86
Jacksgong,JKeyboardPanelSwitch,Jacksgong/JKeyboardPanelSwitch,https://github.com/Jacksgong/JKeyboardPanelSwitch,4190,14,10.23
powermock,powermock,powermock/powermock,https://github.com/powermock/powermock,4190,16,11.32
zendesk,maxwell,zendesk/maxwell,https://github.com/zendesk/maxwell,4186,214,10.61
aws,aws-sdk-java,aws/aws-sdk-java,https://github.com/aws/aws-sdk-java,4178,0,15.5
bingoogolapple,BGABanner-Android,bingoogolapple/BGABanner-Android,https://github.com/bingoogolapple/BGABanner-Android,4178,0,10.91
oddfar,campus-imaotai,oddfar/campus-imaotai,https://github.com/oddfar/campus-imaotai,4158,11,2.21
alibaba,fastjson2,alibaba/fastjson2,https://github.com/alibaba/fastjson2,4155,59,3.43
pedrovgs,AndroidWiFiADB,pedrovgs/AndroidWiFiADB,https://github.com/pedrovgs/AndroidWiFiADB,4148,8,9.93
dromara,hmily,dromara/hmily,https://github.com/dromara/hmily,4143,0,7.98
karma9874,AndroRAT,karma9874/AndroRAT,https://github.com/karma9874/AndroRAT,4142,0,5.5
geoserver,geoserver,geoserver/geoserver,https://github.com/geoserver/geoserver,4140,62,13.86
dinuscxj,LoadingDrawable,dinuscxj/LoadingDrawable,https://github.com/dinuscxj/LoadingDrawable,4116,0,9.43
alibaba,Tangram-Android,alibaba/Tangram-Android,https://github.com/alibaba/Tangram-Android,4107,38,8.48
pqpo,SmartCropper,pqpo/SmartCropper,https://github.com/pqpo/SmartCropper,4093,13,8.13
Manabu-GT,ExpandableTextView,Manabu-GT/ExpandableTextView,https://github.com/Manabu-GT/ExpandableTextView,4084,4,11.35
DTStack,chunjun,DTStack/chunjun,https://github.com/DTStack/chunjun,4084,30,7.47
qunarcorp,bistoury,qunarcorp/bistoury,https://github.com/qunarcorp/bistoury,4084,8,6.14
code4craft,tiny-spring,code4craft/tiny-spring,https://github.com/code4craft/tiny-spring,4081,0,11.7
rubensousa,ViewPagerCards,rubensousa/ViewPagerCards,https://github.com/rubensousa/ViewPagerCards,4073,0,9.09
oblac,jodd,oblac/jodd,https://github.com/oblac/jodd,4072,37,13.04
luckybilly,CC,luckybilly/CC,https://github.com/luckybilly/CC,4045,0,7.83
oldmanpushcart,greys-anatomy,oldmanpushcart/greys-anatomy,https://github.com/oldmanpushcart/greys-anatomy,4026,0,12.83
jMonkeyEngine,jmonkeyengine,jMonkeyEngine/jmonkeyengine,https://github.com/jMonkeyEngine/jmonkeyengine,4024,76,11.51
JabRef,jabref,JabRef/jabref,https://github.com/JabRef/jabref,4024,45,11.53
xcltapestry,XCL-Charts,xcltapestry/XCL-Charts,https://github.com/xcltapestry/XCL-Charts,4020,0,11.29
LibrePDF,OpenPDF,LibrePDF/OpenPDF,https://github.com/LibrePDF/OpenPDF,4012,83,9.2
BoltsFramework,Bolts-Android,BoltsFramework/Bolts-Android,https://github.com/BoltsFramework/Bolts-Android,4011,11,11.64
lcodecorex,TwinklingRefreshLayout,lcodecorex/TwinklingRefreshLayout,https://github.com/lcodecorex/TwinklingRefreshLayout,4002,0,9.56
knowm,XChange,knowm/XChange,https://github.com/knowm/XChange,4001,0,13.63
jetty,jetty.project,jetty/jetty.project,https://github.com/jetty/jetty.project,4000,132,14.19
Yalantis,Phoenix,Yalantis/Phoenix,https://github.com/Yalantis/Phoenix,3999,1,10.69
jbloch,effective-java-3e-source-code,jbloch/effective-java-3e-source-code,https://github.com/jbloch/effective-java-3e-source-code,3999,0,7.13
bitcoin-wallet,bitcoin-wallet,bitcoin-wallet/bitcoin-wallet,https://github.com/bitcoin-wallet/bitcoin-wallet,3998,0,13.48
makovkastar,FloatingActionButton,makovkastar/FloatingActionButton,https://github.com/makovkastar/FloatingActionButton,3992,0,11.17
Piasy,BigImageViewer,Piasy/BigImageViewer,https://github.com/Piasy/BigImageViewer,3988,0,8.87
torakiki,pdfsam,torakiki/pdfsam,https://github.com/torakiki/pdfsam,3984,66,11.99
orhanobut,hawk,orhanobut/hawk,https://github.com/orhanobut/hawk,3980,22,10.59
mercyblitz,tech-weekly,mercyblitz/tech-weekly,https://github.com/mercyblitz/tech-weekly,3979,0,6.8
qstumn,BadgeView,qstumn/BadgeView,https://github.com/qstumn/BadgeView,3977,5,8.62
lilishop,lilishop,lilishop/lilishop,https://github.com/lilishop/lilishop,3974,3,4.36
lukas-krecan,ShedLock,lukas-krecan/ShedLock,https://github.com/lukas-krecan/ShedLock,3972,0,8.78
JeremyLiao,LiveEventBus,JeremyLiao/LiveEventBus,https://github.com/JeremyLiao/LiveEventBus,3969,0,7.2
syncthing,syncthing-android,syncthing/syncthing-android,https://github.com/syncthing/syncthing-android,3969,332,11.58
zzhoujay,RichText,zzhoujay/RichText,https://github.com/zzhoujay/RichText,3962,0,10.17
RipMeApp,ripme,RipMeApp/ripme,https://github.com/RipMeApp/ripme,3961,145,8.71
awaitility,awaitility,awaitility/awaitility,https://github.com/awaitility/awaitility,3960,0,15.66
fishercoder1534,Leetcode,fishercoder1534/Leetcode,https://github.com/fishercoder1534/Leetcode,3959,0,9.14
NotFound9,interviewGuide,NotFound9/interviewGuide,https://github.com/NotFound9/interviewGuide,3958,0,9.42
rovo89,XposedInstaller,rovo89/XposedInstaller,https://github.com/rovo89/XposedInstaller,3957,0,13.47
Querz,mcaselector,Querz/mcaselector,https://github.com/Querz/mcaselector,3957,72,7.42
tronprotocol,java-tron,tronprotocol/java-tron,https://github.com/tronprotocol/java-tron,3954,80,7.74
binIoter,GuideView,binIoter/GuideView,https://github.com/binIoter/GuideView,3954,0,9.26
googlesamples,mlkit,googlesamples/mlkit,https://github.com/googlesamples/mlkit,3954,1,5.32
ageerle,ruoyi-ai,ageerle/ruoyi-ai,https://github.com/ageerle/ruoyi-ai,3952,6,1.68
JoanZapata,android-iconify,JoanZapata/android-iconify,https://github.com/JoanZapata/android-iconify,3943,0,12.28
linyiqun,DataMiningAlgorithm,linyiqun/DataMiningAlgorithm,https://github.com/linyiqun/DataMiningAlgorithm,3931,0,10.7
rengwuxian,RxJavaSamples,rengwuxian/RxJavaSamples,https://github.com/rengwuxian/RxJavaSamples,3927,3,9.49
iterate-ch,cyberduck,iterate-ch/cyberduck,https://github.com/iterate-ch/cyberduck,3927,0,8.67
JFormDesigner,FlatLaf,JFormDesigner/FlatLaf,https://github.com/JFormDesigner/FlatLaf,3923,87,6.09
pingfangushi,screw,pingfangushi/screw,https://github.com/pingfangushi/screw,3921,0,5.25
promeG,TinyPinyin,promeG/TinyPinyin,https://github.com/promeG/TinyPinyin,3916,2,9.98
ReChronoRain,HyperCeiler,ReChronoRain/HyperCeiler,https://github.com/ReChronoRain/HyperCeiler,3916,7,1.9
bluelinelabs,Conductor,bluelinelabs/Conductor,https://github.com/bluelinelabs/Conductor,3909,36,9.52
shuzijun,leetcode-editor,shuzijun/leetcode-editor,https://github.com/shuzijun/leetcode-editor,3903,55,6.51
databricks,learning-spark,databricks/learning-spark,https://github.com/databricks/learning-spark,3897,0,11.27
sofastack,sofa-rpc,sofastack/sofa-rpc,https://github.com/sofastack/sofa-rpc,3897,63,7.46
JavaNoober,BackgroundLibrary,JavaNoober/BackgroundLibrary,https://github.com/JavaNoober/BackgroundLibrary,3893,13,7.03
alibaba,jstorm,alibaba/jstorm,https://github.com/alibaba/jstorm,3891,22,12.05
Exrick,xboot,Exrick/xboot,https://github.com/Exrick/xboot,3889,6,7.41
VaughnVernon,IDDD_Samples,VaughnVernon/IDDD_Samples,https://github.com/VaughnVernon/IDDD_Samples,3886,0,12.45
amirzaidi,Launcher3,amirzaidi/Launcher3,https://github.com/amirzaidi/Launcher3,3885,22,8.31
M66B,FairEmail,M66B/FairEmail,https://github.com/M66B/FairEmail,3884,1000,7.14
vipulasri,Timeline-View,vipulasri/Timeline-View,https://github.com/vipulasri/Timeline-View,3884,15,9.77
wendux,DSBridge-Android,wendux/DSBridge-Android,https://github.com/wendux/DSBridge-Android,3857,2,8.72
uber,NullAway,uber/NullAway,https://github.com/uber/NullAway,3852,31,8.05
kubernetes-client,java,kubernetes-client/java,https://github.com/kubernetes-client/java,3843,55,8.37
Helium314,HeliBoard,Helium314/HeliBoard,https://github.com/Helium314/HeliBoard,3837,50,3.54
google,bundletool,google/bundletool,https://github.com/google/bundletool,3836,63,7.38
aurelhubert,ahbottomnavigation,aurelhubert/ahbottomnavigation,https://github.com/aurelhubert/ahbottomnavigation,3828,14,9.51
MiguelCatalan,MaterialSearchView,MiguelCatalan/MaterialSearchView,https://github.com/MiguelCatalan/MaterialSearchView,3824,6,10.02
jishenghua,jshERP,jishenghua/jshERP,https://github.com/jishenghua/jshERP,3824,6,9.0
react-native-share,react-native-share,react-native-share/react-native-share,https://github.com/react-native-share/react-native-share,3822,139,9.98
yanzhenjie,AndServer,yanzhenjie/AndServer,https://github.com/yanzhenjie/AndServer,3821,1,9.27
ZHENFENG13,My-Blog,ZHENFENG13/My-Blog,https://github.com/ZHENFENG13/My-Blog,3819,0,6.55
uknownothingsnow,CircleProgress,uknownothingsnow/CircleProgress,https://github.com/uknownothingsnow/CircleProgress,3815,0,10.89
Dimezis,BlurView,Dimezis/BlurView,https://github.com/Dimezis/BlurView,3808,31,9.42
camunda,camunda,camunda/camunda,https://github.com/camunda/camunda,3804,470,9.51
gh0stkey,HaE,gh0stkey/HaE,https://github.com/gh0stkey/HaE,3802,77,5.49
shopizer-ecommerce,shopizer,shopizer-ecommerce/shopizer,https://github.com/shopizer-ecommerce/shopizer,3798,18,12.84
sunfusheng,MarqueeView,sunfusheng/MarqueeView,https://github.com/sunfusheng/MarqueeView,3792,0,9.31
fesh0r,fernflower,fesh0r/fernflower,https://github.com/fesh0r/fernflower,3788,0,10.97
watabou,pixel-dungeon,watabou/pixel-dungeon,https://github.com/watabou/pixel-dungeon,3780,0,11.16
mpusher,mpush,mpusher/mpush,https://github.com/mpusher/mpush,3779,9,9.4
mcxtzhang,SwipeDelMenuLayout,mcxtzhang/SwipeDelMenuLayout,https://github.com/mcxtzhang/SwipeDelMenuLayout,3776,2,9.07
lygttpod,SuperTextView,lygttpod/SuperTextView,https://github.com/lygttpod/SuperTextView,3772,39,8.93
CameraKit,blurkit-android,CameraKit/blurkit-android,https://github.com/CameraKit/blurkit-android,3767,3,8.88
MovingBlocks,Terasology,MovingBlocks/Terasology,https://github.com/MovingBlocks/Terasology,3761,70,14.55
Ereza,CustomActivityOnCrash,Ereza/CustomActivityOnCrash,https://github.com/Ereza/CustomActivityOnCrash,3755,12,11.22
AsamK,signal-cli,AsamK/signal-cli,https://github.com/AsamK/signal-cli,3754,103,10.37
roboguice,roboguice,roboguice/roboguice,https://github.com/roboguice/roboguice,3752,0,13.11
timehop,sticky-headers-recyclerview,timehop/sticky-headers-recyclerview,https://github.com/timehop/sticky-headers-recyclerview,3751,0,10.97
zhpanvip,BannerViewPager,zhpanvip/BannerViewPager,https://github.com/zhpanvip/BannerViewPager,3751,59,8.48
apache,kylin,apache/kylin,https://github.com/apache/kylin,3750,2,10.72
sofastack,sofa-jraft,sofastack/sofa-jraft,https://github.com/sofastack/sofa-jraft,3746,32,6.55
andOTP,andOTP,andOTP/andOTP,https://github.com/andOTP/andOTP,3743,38,8.21
spotbugs,spotbugs,spotbugs/spotbugs,https://github.com/spotbugs/spotbugs,3741,71,8.88
RoaringBitmap,RoaringBitmap,RoaringBitmap/RoaringBitmap,https://github.com/RoaringBitmap/RoaringBitmap,3741,39,12.26
JCTools,JCTools,JCTools/JCTools,https://github.com/JCTools/JCTools,3732,18,11.86
ethanhua,Skeleton,ethanhua/Skeleton,https://github.com/ethanhua/Skeleton,3725,0,8.15
Atmosphere,atmosphere,Atmosphere/atmosphere,https://github.com/Atmosphere/atmosphere,3719,0,15.23
willowtreeapps,spruce-android,willowtreeapps/spruce-android,https://github.com/willowtreeapps/spruce-android,3718,3,8.57
ByteLegend,ByteLegend,ByteLegend/ByteLegend,https://github.com/ByteLegend/ByteLegend,3716,0,4.64
nICEnnnnnnnLee,BilibiliDown,nICEnnnnnnnLee/BilibiliDown,https://github.com/nICEnnnnnnnLee/BilibiliDown,3715,80,6.66
stfalcon-studio,ChatKit,stfalcon-studio/ChatKit,https://github.com/stfalcon-studio/ChatKit,3715,1,8.63
javahuang,SurveyKing,javahuang/SurveyKing,https://github.com/javahuang/SurveyKing,3706,3,4.04
ryanhoo,StylishMusicPlayer,ryanhoo/StylishMusicPlayer,https://github.com/ryanhoo/StylishMusicPlayer,3706,0,9.02
liuyubobobo,Play-with-Algorithms,liuyubobobo/Play-with-Algorithms,https://github.com/liuyubobobo/Play-with-Algorithms,3705,0,9.21
rbmonster,learning-note,rbmonster/learning-note,https://github.com/rbmonster/learning-note,3703,0,5.27
yanzhenjie,NoHttp,yanzhenjie/NoHttp,https://github.com/yanzhenjie/NoHttp,3702,0,10.15
undertow-io,undertow,undertow-io/undertow,https://github.com/undertow-io/undertow,3699,9,13.18
jtablesaw,tablesaw,jtablesaw/tablesaw,https://github.com/jtablesaw/tablesaw,3694,79,9.72
Creators-of-Create,Create,Creators-of-Create/Create,https://github.com/Creators-of-Create/Create,3692,0,6.18
helidon-io,helidon,helidon-io/helidon,https://github.com/helidon-io/helidon,3681,131,7.07
lihangleo2,ShadowLayout,lihangleo2/ShadowLayout,https://github.com/lihangleo2/ShadowLayout,3678,28,6.2
yacy,yacy_search_server,yacy/yacy_search_server,https://github.com/yacy/yacy_search_server,3676,0,10.5
yangfuhai,ASimpleCache,yangfuhai/ASimpleCache,https://github.com/yangfuhai/ASimpleCache,3675,0,12.15
dingjikerbo,Android-BluetoothKit,dingjikerbo/Android-BluetoothKit,https://github.com/dingjikerbo/Android-BluetoothKit,3674,0,9.95
networknt,light-4j,networknt/light-4j,https://github.com/networknt/light-4j,3672,193,9.03
grpc-ecosystem,grpc-spring,grpc-ecosystem/grpc-spring,https://github.com/grpc-ecosystem/grpc-spring,3671,34,8.73
lisawray,groupie,lisawray/groupie,https://github.com/lisawray/groupie,3671,28,9.05
google,rejoiner,google/rejoiner,https://github.com/google/rejoiner,3670,3,7.79
linkedin,databus,linkedin/databus,https://github.com/linkedin/databus,3668,0,12.76
coderbruis,JavaSourceCodeLearning,coderbruis/JavaSourceCodeLearning,https://github.com/coderbruis/JavaSourceCodeLearning,3668,0,5.3
KunMinX,Linkage-RecyclerView,KunMinX/Linkage-RecyclerView,https://github.com/KunMinX/Linkage-RecyclerView,3667,0,6.42
tchiotludo,akhq,tchiotludo/akhq,https://github.com/tchiotludo/akhq,3656,42,7.03
PlexPt,chatgpt-java,PlexPt/chatgpt-java,https://github.com/PlexPt/chatgpt-java,3645,24,2.79
litesuits,android-common,litesuits/android-common,https://github.com/litesuits/android-common,3642,0,11.32
microservices-patterns,ftgo-application,microservices-patterns/ftgo-application,https://github.com/microservices-patterns/ftgo-application,3631,0,7.92
FasterXML,jackson-databind,FasterXML/jackson-databind,https://github.com/FasterXML/jackson-databind,3625,0,13.75
huburt-Hu,NewbieGuide,huburt-Hu/NewbieGuide,https://github.com/huburt-Hu/NewbieGuide,3622,20,8.15
apache,incubator-heron,apache/incubator-heron,https://github.com/apache/incubator-heron,3621,56,9.99
uncle-novel,uncle-novel,uncle-novel/uncle-novel,https://github.com/uncle-novel/uncle-novel,3618,1,6.78
blossom-editor,blossom,blossom-editor/blossom,https://github.com/blossom-editor/blossom,3614,19,2.13
rockerhieu,emojicon,rockerhieu/emojicon,https://github.com/rockerhieu/emojicon,3613,2,11.67
alibaba,Alink,alibaba/Alink,https://github.com/alibaba/Alink,3610,22,6.98
spockframework,spock,spockframework/spock,https://github.com/spockframework/spock,3608,26,14.78
Mojang,brigadier,Mojang/brigadier,https://github.com/Mojang/brigadier,3607,3,11.02
spring-io,initializr,spring-io/initializr,https://github.com/spring-io/initializr,3600,17,12.29
mbechler,marshalsec,mbechler/marshalsec,https://github.com/mbechler/marshalsec,3595,0,8.33
tyrantgit,ExplosionField,tyrantgit/ExplosionField,https://github.com/tyrantgit/ExplosionField,3591,0,10.0
dtinit,data-transfer-project,dtinit/data-transfer-project,https://github.com/dtinit/data-transfer-project,3591,61,7.71
kikoso,android-stackblur,kikoso/android-stackblur,https://github.com/kikoso/android-stackblur,3589,0,12.1
vert-x3,vertx-examples,vert-x3/vertx-examples,https://github.com/vert-x3/vertx-examples,3583,0,10.57
dongjunkun,DropDownMenu,dongjunkun/DropDownMenu,https://github.com/dongjunkun/DropDownMenu,3582,2,10.25
WVector,AppUpdate,WVector/AppUpdate,https://github.com/WVector/AppUpdate,3580,3,8.26
OpenHFT,Chronicle-Queue,OpenHFT/Chronicle-Queue,https://github.com/OpenHFT/Chronicle-Queue,3579,534,12.3
IrisShaders,Iris,IrisShaders/Iris,https://github.com/IrisShaders/Iris,3578,140,4.91
hmkcode,Android,hmkcode/Android,https://github.com/hmkcode/Android,3578,0,12.05
googlemaps,android-maps-utils,googlemaps/android-maps-utils,https://github.com/googlemaps/android-maps-utils,3577,57,12.35
davideas,FlexibleAdapter,davideas/FlexibleAdapter,https://github.com/davideas/FlexibleAdapter,3572,30,10.39
JakeWharton,ThreeTenABP,JakeWharton/ThreeTenABP,https://github.com/JakeWharton/ThreeTenABP,3571,0,10.22
DataLinkDC,dinky,DataLinkDC/dinky,https://github.com/DataLinkDC/dinky,3571,31,4.28
fabric8io,kubernetes-client,fabric8io/kubernetes-client,https://github.com/fabric8io/kubernetes-client,3569,124,10.2
code4craft,netty-learning,code4craft/netty-learning,https://github.com/code4craft/netty-learning,3558,0,12.01
dropbox,hackpad,dropbox/hackpad,https://github.com/dropbox/hackpad,3554,0,10.11
bilibili,MagicaSakura,bilibili/MagicaSakura,https://github.com/bilibili/MagicaSakura,3554,3,9.25
HelloWorld521,Java,HelloWorld521/Java,https://github.com/HelloWorld521/Java,3552,0,8.79
springdoc,springdoc-openapi,springdoc/springdoc-openapi,https://github.com/springdoc/springdoc-openapi,3549,96,6.2
johncarl81,parceler,johncarl81/parceler,https://github.com/johncarl81/parceler,3543,0,12.22
anggrayudi,android-hidden-api,anggrayudi/android-hidden-api,https://github.com/anggrayudi/android-hidden-api,3535,2,10.02
fyhertz,libstreaming,fyhertz/libstreaming,https://github.com/fyhertz/libstreaming,3535,0,12.64
LinShunKang,MyPerf4J,LinShunKang/MyPerf4J,https://github.com/LinShunKang/MyPerf4J,3535,23,7.53
arimorty,floatingsearchview,arimorty/floatingsearchview,https://github.com/arimorty/floatingsearchview,3534,0,9.83
luontola,retrolambda,luontola/retrolambda,https://github.com/luontola/retrolambda,3531,0,12.17
spring-cloud,spring-cloud-kubernetes,spring-cloud/spring-cloud-kubernetes,https://github.com/spring-cloud/spring-cloud-kubernetes,3522,32,8.77
Netflix,maestro,Netflix/maestro,https://github.com/Netflix/maestro,3522,0,1.43
andremion,Music-Player,andremion/Music-Player,https://github.com/andremion/Music-Player,3521,2,9.38
apache,logging-log4j2,apache/logging-log4j2,https://github.com/apache/logging-log4j2,3521,15,12.28
1024-lab,smart-admin,1024-lab/smart-admin,https://github.com/1024-lab/smart-admin,3520,22,5.85
immutables,immutables,immutables/immutables,https://github.com/immutables/immutables,3519,15,12.21
dariuszseweryn,RxAndroidBle,dariuszseweryn/RxAndroidBle,https://github.com/dariuszseweryn/RxAndroidBle,3518,60,9.63
lsjwzh,RecyclerViewPager,lsjwzh/RecyclerViewPager,https://github.com/lsjwzh/RecyclerViewPager,3514,10,10.68
nytimes,Store,nytimes/Store,https://github.com/nytimes/Store,3512,0,8.81
cSploit,android,cSploit/android,https://github.com/cSploit/android,3505,33,10.97
baoyongzhang,SwipeMenuListView,baoyongzhang/SwipeMenuListView,https://github.com/baoyongzhang/SwipeMenuListView,3504,2,11.08
codeestX,GeekNews,codeestX/GeekNews,https://github.com/codeestX/GeekNews,3504,0,9.12
dromara,liteflow,dromara/liteflow,https://github.com/dromara/liteflow,3502,0,5.49
lenve,JavaEETest,lenve/JavaEETest,https://github.com/lenve/JavaEETest,3499,0,8.77
TNG,ArchUnit,TNG/ArchUnit,https://github.com/TNG/ArchUnit,3495,43,8.42
AxonFramework,AxonFramework,AxonFramework/AxonFramework,https://github.com/AxonFramework/AxonFramework,3492,136,13.8
KingJA,LoadSir,KingJA/LoadSir,https://github.com/KingJA/LoadSir,3492,6,8.05
freeplane,freeplane,freeplane/freeplane,https://github.com/freeplane/freeplane,3477,17,13.02
ittianyu,BottomNavigationViewEx,ittianyu/BottomNavigationViewEx,https://github.com/ittianyu/BottomNavigationViewEx,3477,19,8.86
RikkaApps,Sui,RikkaApps/Sui,https://github.com/RikkaApps/Sui,3469,21,4.71
loks666,get_jobs,loks666/get_jobs,https://github.com/loks666/get_jobs,3468,2,1.54
Netflix,concurrency-limits,Netflix/concurrency-limits,https://github.com/Netflix/concurrency-limits,3465,102,7.78
phodal,migration,phodal/migration,https://github.com/phodal/migration,3464,0,5.71
eclipse-openj9,openj9,eclipse-openj9/openj9,https://github.com/eclipse-openj9/openj9,3463,53,8.07
rubensousa,PreviewSeekBar,rubensousa/PreviewSeekBar,https://github.com/rubensousa/PreviewSeekBar,3460,10,8.66
Grt1228,chatgpt-java,Grt1228/chatgpt-java,https://github.com/Grt1228/chatgpt-java,3458,10,2.61
apache,fory,apache/fory,https://github.com/apache/fory,3457,49,2.4
ferredoxin,QNotified,ferredoxin/QNotified,https://github.com/ferredoxin/QNotified,3456,28,6.5
alamkanak,Android-Week-View,alamkanak/Android-Week-View,https://github.com/alamkanak/Android-Week-View,3452,4,11.01
crossoverJie,SSM,crossoverJie/SSM,https://github.com/crossoverJie/SSM,3440,10,9.25
rom1v,sndcpy,rom1v/sndcpy,https://github.com/rom1v/sndcpy,3438,2,5.28
sherxon,AlgoDS,sherxon/AlgoDS,https://github.com/sherxon/AlgoDS,3432,0,8.76
guolindev,giffun,guolindev/giffun,https://github.com/guolindev/giffun,3431,0,6.65
WinterChenS,my-site,WinterChenS/my-site,https://github.com/WinterChenS/my-site,3427,0,7.39
xcc3641,SeeWeather,xcc3641/SeeWeather,https://github.com/xcc3641/SeeWeather,3426,2,9.59
woxingxiao,BubbleSeekBar,woxingxiao/BubbleSeekBar,https://github.com/woxingxiao/BubbleSeekBar,3423,12,8.88
GitLqr,LQRWeChat,GitLqr/LQRWeChat,https://github.com/GitLqr/LQRWeChat,3420,0,8.62
getActivity,Toaster,getActivity/Toaster,https://github.com/getActivity/Toaster,3419,37,7.01
apache,incubator-kie-optaplanner,apache/incubator-kie-optaplanner,https://github.com/apache/incubator-kie-optaplanner,3415,6,14.6
